,Mean Daily Flow - Cumecs,,,,Daily Rainfall Total - mm,,,,,,,,
,Crakehill,Skip Bridge,Westwick,Skelton,Arkengarthdale,East Cowton,Malham Tarn,Snaizeholme,,,,,
01/01/1993,10.4,4.393,9.291,26.1,0,0,0,4,,0.13061393,0.134234371,0.115773957,0.140334289
02/01/1993,9.95,4.239,8.622,24.86,0,0,0.8,0,,0.1289621,0.13267964,0.114335662,0.138102096
03/01/1993,9.46,4.124,8.057,23.6,0,0,0.8,0,,0.127163439,0.131518639,0.113120957,0.1358339
04/01/1993,9.41,4.363,7.925,23.47,2.4,24.8,0.8,61.6,,0.126979903,0.133931501,0.112837168,0.135599879
05/01/1993,26.3,11.962,58.704,60.7,11.2,5.6,33.6,111.2,,0.188978618,0.210648394,0.222007917,0.202619677
06/01/1993,32.1,10.237,34.416,98.01,0,0,1.6,0.8,,0.210268881,0.193233386,0.169790678,0.269783486
07/01/1993,19.3,7.254,22.263,56.99,5.6,4,17.6,36,,0.163283473,0.163118043,0.14366271,0.195941099
08/01/1993,22,7.266,29.587,56.66,1.6,0,1.6,2.4,,0.173194457,0.163239191,0.159408718,0.195347048
09/01/1993,35.5,8.153,60.253,78.1,14.4,0.8,55.2,104.8,,0.222749381,0.172194039,0.225338142,0.233942386
10/01/1993,51,13.276,93.951,125.7,20.8,2.4,76,136.8,,0.279645774,0.223914086,0.297786121,0.319629798
11/01/1993,65.5,25.561,69.503,195.9,10.4,16,12,28,,0.332871433,0.347939224,0.245224895,0.446000729
12/01/1993,32,20.715,40.514,125.4,7.2,4,0.8,24,,0.209901808,0.299015674,0.182900886,0.319089751
13/01/1993,64.3,36.54,106.753,161.5,39.2,8.8,82.8,118,,0.32846655,0.458779435,0.325309387,0.384075373
14/01/1993,69.1,28.457,60.325,204,5.6,1.6,8,12.8,,0.346086079,0.377176245,0.225492936,0.46058199
15/01/1993,94.6,33.761,142.159,200.6,36,12,72,72,,0.439689823,0.430723606,0.401429428,0.454461461
16/01/1993,99,38.484,77.439,234.4,8.8,2.4,7.2,40,,0.455841057,0.478405391,0.262286654,0.515306724
17/01/1993,58.2,21.022,57.103,160.1,6.4,0.8,0,21.6,,0.306075067,0.30211504,0.218565896,0.381555155
18/01/1993,34.1,15.191,42.697,104.1,16.8,2.4,44,103.2,,0.217610351,0.243247268,0.18759416,0.280746435
19/01/1993,59.8,16.456,79.028,136.4,7.2,0,34.4,86.4,,0.311948243,0.256018273,0.265702876,0.338891464
20/01/1993,48,18.587,70.19,137.1,6.4,0,19.2,26.4,,0.268633569,0.277532117,0.24670189,0.340151573
21/01/1993,42.6,18.687,88.489,124.3,27.2,4,51.2,80.4,,0.2488116,0.278541682,0.286043262,0.31710958
22/01/1993,66.6,26.501,74.365,175.9,4.8,2.4,6.4,18.4,,0.336909241,0.357429141,0.255677802,0.409997615
23/01/1993,41.4,23.124,101.231,128.1,40.8,18.4,62.4,120.4,,0.244406717,0.32333611,0.313437533,0.323950172
24/01/1993,124,57.874,138.304,270.3,28,16.8,7.2,29.6,,0.547609434,0.674160168,0.393141489,0.579932314
25/01/1993,70,34.921,62.332,206.5,2.4,0,0,2.4,,0.34938974,0.442434568,0.229807824,0.46508238
26/01/1993,35.4,18.518,43.343,116.4,0.8,0,0,9.6,,0.222382307,0.276835517,0.188983008,0.30288835
27/01/1993,33.2,16.112,39.664,92.52,3.2,7.2,0.8,12,,0.21430669,0.252545367,0.181073455,0.259900631
28/01/1993,36.3,18.059,61.693,104.3,0.8,6.4,7.2,84.8,,0.225685969,0.27220161,0.228434026,0.281106466
29/01/1993,33.9,18.287,43.674,106,0.8,0,4.8,4,,0.216876204,0.27450342,0.189694631,0.28416673
30/01/1993,25.8,15.197,31.682,80.07,0,0,0,2.4,,0.18714325,0.243307842,0.163912799,0.237488693
31/01/1993,22.1,11.821,26.37,64.14,0,7.2,7.2,4,,0.173561531,0.209224906,0.152492428,0.208812212
01/02/1993,20.2,10.624,21.884,56.13,0,0,0.8,4.8,,0.166587134,0.197140405,0.142847891,0.194392965
02/02/1993,18.4,9.607,19.046,50.29,0,0,0.8,0,,0.159979811,0.186873123,0.13674642,0.183880056
03/02/1993,16.9,6.394,17.181,43.38,0,0,0,0,,0.154473708,0.154435779,0.13273682,0.17144098
04/02/1993,15.8,7.112,15.511,40.47,0,0,0.8,0,,0.1504359,0.16168446,0.129146455,0.166202527
05/02/1993,14.9,6.213,14.625,37.36,4.8,9.6,0,2.4,,0.147132238,0.152608465,0.127241627,0.160604042
06/02/1993,15.5,6.641,14.918,37.74,0.8,7.2,4.8,1.6,,0.149334679,0.156929406,0.127871553,0.161288101
07/02/1993,15.8,6.336,14.1,38.31,0,0,1.6,0,,0.1504359,0.153850231,0.126112919,0.16231419
08/02/1993,14.9,6.009,12.959,36.22,1.6,0,0,0,,0.147132238,0.150548951,0.123659861,0.158551865
09/02/1993,14.6,6.448,13.352,35.92,0.8,0,0,0,,0.146031018,0.154980944,0.12450478,0.158011818
10/02/1993,14.7,6.605,13.52,36.61,0,0,0,0.8,,0.146398091,0.156565962,0.124865966,0.159253925
11/02/1993,14.4,6.349,13.019,35.6,0,0,0,0,,0.145296871,0.153981474,0.123788856,0.157435768
12/02/1993,13.4,5.806,11.879,33.17,0,0,0,0,,0.141626136,0.148499533,0.121337948,0.15306139
14/02/1993,11.9,5.275,10.437,29.24,0,0,0,0,,0.136120033,0.14313874,0.118237765,0.145986778
15/02/1993,11.4,5.103,9.913,27.48,0,0,28.8,0,,0.134284666,0.141402287,0.117111207,0.142818504
16/02/1993,10.8,4.866,9.478,26.18,0,0,0.8,0,,0.132082224,0.139009616,0.116175992,0.140478301
17/02/1993,10.4,4.676,8.969,25.14,0,0,8,0,,0.13061393,0.137091441,0.115081683,0.138606139
18/02/1993,10.3,4.569,8.846,24.24,1.6,0,38.4,17.6,,0.130246857,0.136011206,0.114817243,0.136985999
19/02/1993,9.84,4.378,8.552,23.59,0,0,2.4,0,,0.128558319,0.134082936,0.114185167,0.135815898
20/02/1993,9.46,4.089,8.719,22.7,0,0,6.4,0.8,,0.127163439,0.131165291,0.114544204,0.134213759
21/02/1993,8.87,3.945,8.013,21.52,0,0,0,0,,0.124997706,0.129711517,0.113026361,0.132089576
22/02/1993,8.52,3.777,7.723,20.43,1.6,0,0.8,1.6,,0.123712949,0.128015446,0.112402884,0.130127406
23/02/1993,8.71,3.617,7.497,20.35,0,0,1.6,0,,0.124410388,0.126400141,0.111917002,0.129983394
24/02/1993,8.5,3.551,7.268,20.12,0,0,0,0,,0.123639534,0.125733828,0.111424671,0.129569358
25/02/1993,8.48,3.146,7.078,19.47,1.6,0.8,12,51.2,,0.123566119,0.121645087,0.111016186,0.128399257
26/02/1993,8.88,3.278,8.167,20.01,16.8,15.2,4.8,8,,0.125034413,0.122977714,0.113357448,0.129371341
27/02/1993,9.45,3.131,8.87,21.74,5.6,0.8,10.4,4,,0.127126732,0.121493652,0.114868841,0.13248561
28/02/1993,8.59,2.966,7.842,20.26,5.6,15.2,0.8,0,,0.1239699,0.119827869,0.112658725,0.12982138
01/03/1993,8.94,3.36,7.604,20.76,21.6,16,1.6,11.2,,0.125254657,0.123805558,0.112147044,0.130721457
02/03/1993,11.5,3.4,7.539,23.62,1.6,0,0.8,9.6,,0.134651739,0.124209384,0.112007299,0.135869903
03/03/1993,12.5,3.783,7.599,26.09,1.6,0,0.8,2.4,,0.138322474,0.12807602,0.112136294,0.140316287
04/03/1993,10.9,3.613,7.571,24.17,1.6,0,0,0.8,,0.132449298,0.126359759,0.112076096,0.136859988
05/03/1993,11.2,3.698,9.979,23.07,0,0,2.4,0.8,,0.133550518,0.12721789,0.117253102,0.134879817
06/03/1993,21.8,4.007,18.978,41.84,0,0,0,0,,0.17246031,0.130337447,0.136600225,0.16866874
07/03/1993,15.6,3.295,13.159,36.05,0,0,0,0,,0.149701753,0.12314934,0.124089845,0.158245838
08/03/1993,11.8,3.052,10.379,28.01,0,0,0,0,,0.13575296,0.120696096,0.11811307,0.143772586
09/03/1993,10.5,2.906,9.187,24.2,0,0,0,0,,0.130981004,0.11922213,0.115550366,0.136913993
10/03/1993,9.58,2.791,8.292,22,0,0,3.2,4,,0.127603928,0.118061129,0.113626188,0.13295365
11/03/1993,8.99,2.869,7.826,20.62,0,0.8,5.6,1.6,,0.125438194,0.11884859,0.112624326,0.130469436
12/03/1993,9.03,2.806,7.783,20.02,1.6,0,8,15.2,,0.125585023,0.118212564,0.112531879,0.129389342
13/03/1993,8.95,2.746,7.741,20.56,0.8,0,23.2,6.4,,0.125291365,0.117606825,0.112441583,0.130361426
14/03/1993,9.01,2.643,8.101,17.97,0,0,61.6,0,,0.125511609,0.116566972,0.113215554,0.125699023
17/03/1993,9.18,2.559,9.854,20.06,0,0,0.8,4.8,,0.126135634,0.115718937,0.116984362,0.129461348
18/03/1993,9.29,2.519,12.636,22.36,5.6,0,6.4,8.8,,0.126539415,0.115315111,0.122965437,0.133601707
19/03/1993,10.7,2.396,11.597,25.27,0,0,10.4,0,,0.131715151,0.114073345,0.120731671,0.13884016
20/03/1993,8.23,2.44,8.606,20.08,0,0,0,4.8,,0.122648435,0.114517554,0.114301263,0.129497352
21/03/1993,7.75,2.48,8.516,18.08,6.4,0,0,29.6,,0.120886483,0.11492138,0.11410777,0.12589704
22/03/1993,9.71,2.467,10.637,21.39,1.6,0,1.6,5.6,,0.128081123,0.114790137,0.118667749,0.131855556
23/03/1993,7.87,2.392,8.405,18.6,11.2,0.8,10.4,13.6,,0.121326971,0.114032962,0.113869129,0.126833121
24/03/1993,8.08,2.327,8.753,17.51,0,0,1.6,4.8,,0.122097825,0.113376745,0.114617301,0.124870951
25/03/1993,7.87,2.261,8.37,17.68,0,0,0,0,,0.121326971,0.112710431,0.113793882,0.125176978
26/03/1993,7.23,2.232,7.543,16.52,0,0,0.8,0,,0.1189777,0.112417657,0.112015899,0.123088797
27/03/1993,6.75,2.244,6.864,15.18,0,0,0,0,,0.117215747,0.112538805,0.110556103,0.120676589
28/03/1993,6.51,2.248,6.529,14.32,0,0,0.8,4.8,,0.116334771,0.112579188,0.109835881,0.119128455
29/03/1993,6.37,2.232,6.349,13.93,2.4,0,8,16.8,,0.115820868,0.112417657,0.109448895,0.118426394
30/03/1993,6.48,2.339,6.315,13.99,12,10,1.6,24.8,,0.116224649,0.113497893,0.109375798,0.118534403
31/03/1993,7.31,2.462,8.001,15.32,5.6,7.2,13.6,15.2,,0.119271359,0.114739658,0.113000562,0.12092861
01/04/1993,7.59,2.745,8.062,17.46,0.8,10.4,2.4,4,,0.120299165,0.117596729,0.113131707,0.124780944
02/04/1993,7.29,2.578,7.27,16.61,0,1.6,13.6,22.8,,0.119197944,0.115910754,0.111428971,0.123250811
03/04/1993,7.11,2.528,6.801,15.23,16,38.4,47.2,5.6,,0.118537212,0.115405972,0.110420659,0.120766596
04/04/1993,9.05,4.101,9.408,20.33,0,1.6,4,48,,0.125658438,0.131286439,0.116025498,0.12994739
05/04/1993,17.9,6.957,45.864,44.18,92,40,76.8,26.4,,0.158144443,0.160119634,0.194402954,0.172881104
06/04/1993,58.6,7.27,64.776,120,24.8,0,21.6,6.4,,0.307543361,0.163279574,0.235062227,0.30936891
08/04/1993,14.1,3.551,16.599,37.99,17.6,7.2,51.2,0,,0.14419565,0.125733828,0.131485567,0.16173814
09/04/1993,45.3,22.968,70.041,92.73,55.2,23.2,91.2,0.8,,0.258722584,0.321761187,0.246381552,0.260278664
10/04/1993,63.5,19.284,46.38,148.5,0.8,0.8,0.8,0,,0.325529962,0.284568789,0.195512312,0.360673348
11/04/1993,25.5,8.393,25.626,77.64,16,8,3.2,4,,0.18604203,0.174616996,0.150892888,0.233114314
12/04/1993,22.6,13.597,25.381,62.7,37.2,6.4,15.2,7.2,,0.175396898,0.227154792,0.150366158,0.206219988
13/04/1993,33.1,11.988,23.8,72,0,0,0,21.6,,0.213939616,0.210910881,0.146967136,0.222961436
14/04/1993,19.6,7.377,17.473,52.73,0,0,0,27.2,,0.164384693,0.164359809,0.133364597,0.188272436
15/04/1993,15,5.763,13.984,38.61,0,0,0.8,12,,0.147499312,0.14806542,0.125863529,0.162854237
16/04/1993,13.4,5.112,11.856,32.41,0,4,55.2,22,,0.141626136,0.141493148,0.1212885,0.151693271
17/04/1993,12,4.634,11.106,29.05,0,0,7.2,41.6,,0.136487107,0.136667424,0.119676061,0.145644748
18/04/1993,11.9,4.817,28.253,34.01,32.8,8.8,143.2,1.6,,0.136120033,0.138514929,0.156540726,0.154573521
19/04/1993,25.6,5.872,36.554,66.89,4.8,4,12,18,,0.186409103,0.149165846,0.174387206,0.21376264
20/04/1993,18.6,5.122,19.74,52.91,5.6,1.6,12.8,103.6,,0.160713958,0.141594104,0.138238464,0.188596464
21/04/1993,16.4,4.823,18.456,40,2.4,0,4.8,26.4,,0.152638341,0.138575503,0.135477967,0.165356453
22/04/1993,14.3,4.348,14.608,37.47,0,0,4.8,7.2,,0.144929797,0.133780066,0.127205078,0.160802059
23/04/1993,12.7,4.059,14.354,30.47,8.8,20,33.6,19.2,,0.139056621,0.130862421,0.126658999,0.148200969
24/04/1993,15.6,4.39,17.31,36.89,5.6,0.8,0.8,8.8,,0.149701753,0.134204084,0.13301416,0.159757969
25/04/1993,43,25.141,60.588,90.87,13.6,60,83.2,36,,0.250279894,0.343699048,0.226058365,0.256930374
26/04/1993,55.3,18.877,37.16,134.9,18.4,0,7.2,6.4,,0.295429935,0.280459857,0.175690057,0.336191231
28/04/1993,17.3,7.952,16.25,48.21,1.6,0,0,0,,0.155942002,0.170164812,0.130735246,0.180135732
29/04/1993,14.3,6.379,12.918,37.13,1.6,0,0,0,,0.144929797,0.154284344,0.123571715,0.160190006
30/04/1993,12.4,5.288,10.971,31.33,0.8,0,0,4,,0.137955401,0.143269983,0.119385822,0.149749103
01/05/1993,11.2,4.704,12.668,29.42,0.8,0,0,4,,0.133550518,0.13737412,0.123034235,0.146310806
02/05/1993,10.2,4.472,9.636,25.83,0,4.8,8.8,28,,0.129879783,0.135031928,0.11651568,0.139848247
03/05/1993,9.43,3.817,9.117,22.82,0,0,0,0,,0.127053317,0.128419273,0.115399872,0.134429778
04/05/1993,8.8,3.549,8.712,21.51,0,0,0,0,,0.124740754,0.125713637,0.114529154,0.132071574
05/05/1993,8.32,3.34,7.874,19.93,0.8,0,0,0,,0.122978802,0.123603645,0.112727522,0.129227328
06/05/1993,8.04,3.257,7.381,19.06,0,0,0,0,,0.121950996,0.122765705,0.111667612,0.127661193
07/05/1993,7.74,3.111,7.01,18.14,0,0,0,0,,0.120849775,0.121291739,0.110869992,0.126005049
08/05/1993,7.38,2.975,6.741,17.15,0,0,0,0,,0.119528311,0.11991873,0.110291663,0.124222895
09/05/1993,7.17,2.94,6.371,16.21,0,0,0,0,,0.118757456,0.119565382,0.109496193,0.122530749
10/05/1993,7.89,6.361,8.689,21.44,2.4,11.2,20,47.2,,0.121400385,0.154102622,0.114479706,0.131945563
11/05/1993,8.66,4.979,11.126,24.91,0.8,12.8,0,1.6,,0.124226851,0.140150425,0.119719059,0.138192104
12/05/1993,8.4,3.789,8.803,21.98,0,0,0,0,,0.12327246,0.128136594,0.114724797,0.132917647
13/05/1993,7.95,3.442,10.275,19.51,0,27.2,76,115.2,,0.12162063,0.124633401,0.117889478,0.128471263
14/05/1993,120,40.574,188.751,189.6,9.6,145.6,149.6,178.8,,0.532926494,0.499505313,0.501598465,0.434659748
15/05/1993,155,39.209,72.276,277.1,3.2,0,61.6,41.6,,0.661402221,0.485724742,0.251186621,0.592173373
16/05/1993,73,18.776,68.591,171.9,0.8,26.4,90.4,132,,0.360401945,0.279440196,0.243264169,0.402796992
17/05/1993,107,32.623,102.646,211.8,1.6,13.6,32,57.6,,0.485206938,0.419234749,0.316479668,0.474623205
18/05/1993,81.2,23.83,64.309,182.9,0.8,0.8,1.6,1.6,,0.390501973,0.330463643,0.234058214,0.422598705
19/05/1993,37.8,11.137,34.209,103,0.8,0,0,0,,0.231192071,0.202319477,0.169345645,0.278766263
20/05/1993,25.5,9.08,29.53,67.18,49.6,34.4,48.8,42.4,,0.18604203,0.181552712,0.159286173,0.214284686
21/05/1993,42.1,13.044,44.007,92.33,0.8,0,4,2.4,,0.246976232,0.221571894,0.190410554,0.259558602
22/05/1993,27.5,9.244,26.427,74.03,0,0,0,0,,0.1933835,0.1832084,0.152614974,0.226615752
23/05/1993,19.6,6.626,19.746,51.53,0,0,0,0,,0.164384693,0.156777971,0.138251363,0.186112249
24/05/1993,16.2,5.411,15.911,41.04,0,0,0,0,,0.151904194,0.144511749,0.130006423,0.167228615
25/05/1993,14.1,4.672,13.704,34.74,0,0,0,0,,0.14419565,0.137051059,0.125261551,0.155887634
26/05/1993,13,4.259,12.549,31.28,7.2,4.8,14.4,32.8,,0.140157842,0.132881553,0.122778394,0.149659096
27/05/1993,12.5,4.113,12.163,29.67,2.4,0.8,10.4,2.4,,0.138322474,0.131407587,0.121948526,0.146760845
28/05/1993,12.2,3.85,12.318,29.22,2.4,0,24.8,16,,0.137221254,0.128752429,0.122281763,0.145950775
29/05/1993,11.5,3.792,11.922,27.6,5.6,1.6,28.8,11.2,,0.134651739,0.128166881,0.121430395,0.143034522
30/05/1993,11.4,4.049,16.532,28.03,48,5.6,46,118.4,,0.134284666,0.130761465,0.131341523,0.143808589
31/05/1993,57.2,9.607,110.011,123.9,15.2,0,58.4,137.6,,0.302404331,0.186873123,0.332313824,0.316389518
01/06/1993,32.1,14.618,48.409,119.9,5.6,4,23.2,16,,0.210268881,0.237462457,0.199874498,0.309188895
02/06/1993,17.4,8.272,28.533,60.87,3.2,0,4,8.8,,0.156309076,0.173395422,0.157142704,0.202925703
03/06/1993,14.5,5.876,21.31,44.06,0,1.6,0,0,,0.145663944,0.149206229,0.141613837,0.172665086
04/06/1993,12.5,4.76,15.941,35.14,0.8,0,0.8,0.8,,0.138322474,0.137939477,0.13007092,0.156607697
05/06/1993,10.8,4.002,12.733,28.75,0,0,0,0,,0.132082224,0.130286969,0.12317398,0.145104702
06/06/1993,9.62,3.507,10.713,24.44,0,0,0,0,,0.127750757,0.125289619,0.118831143,0.13734603
07/06/1993,8.72,3.159,9.44,21.47,0,0,0,0.8,,0.124447096,0.121776331,0.116094295,0.131999568
08/06/1993,8.17,2.993,8.629,19.92,0,0,0,0,,0.122428191,0.120100452,0.114350711,0.129209327
09/06/1993,7.85,2.952,8.028,18.9,4,0,25.6,4.8,,0.121253556,0.11968653,0.113058609,0.127373168
10/06/1993,7.7,3.038,7.799,18.55,0,4.8,22,18.4,,0.120702946,0.120554756,0.112566278,0.126743113
11/06/1993,8.28,3.101,8.481,19.22,19.2,18.4,14.4,30.4,,0.122831972,0.121190783,0.114032523,0.127949218
12/06/1993,8.4,3.364,9.491,20.78,0,0,0,0,,0.12327246,0.12384594,0.116203941,0.130757461
13/06/1993,8.02,3.161,8.933,20.21,0,0,0,0,,0.121877581,0.121796522,0.115004286,0.129731372
14/06/1993,8.85,4.274,9.177,21.15,24,32,25.6,24,,0.124924291,0.133032988,0.115528867,0.131423518
15/06/1993,9.11,3.805,9.542,22.53,7.2,4.8,34.4,10.4,,0.125878682,0.128298125,0.116313587,0.133907733
16/06/1993,8.26,3.192,8.291,20.07,0,0,0,0,,0.122758557,0.122109487,0.113624038,0.12947935
17/06/1993,7.55,2.959,7.873,18.18,4.8,6.4,26.4,16.8,,0.120152336,0.119757199,0.112725372,0.126077056
18/06/1993,7.54,3.386,11.416,18.48,17.6,2.4,19.2,48.8,,0.120115628,0.124068045,0.120342536,0.126617102
19/06/1993,10.9,3.391,15.848,28.35,6.4,0.8,11.2,18,,0.132449298,0.124118523,0.129870978,0.144384639
20/06/1993,8.62,2.846,12.47,24.66,0,0,0,0,,0.124080022,0.11861639,0.122608551,0.137742065
21/06/1993,7.33,2.651,9.312,19.59,0,0,0,0,,0.119344774,0.116647737,0.115819106,0.128615275
22/06/1993,6.66,2.544,7.689,16.59,0,2.4,0,0,,0.116885381,0.115567502,0.112329787,0.123214808
23/06/1993,6.62,3.005,7.691,16.35,0.8,5.6,0,0.8,,0.116738552,0.1202216,0.112334087,0.122782771
24/06/1993,6.38,2.721,6.799,15.8,0.8,0,0,0,,0.115857575,0.117354433,0.110416359,0.121792685
25/06/1993,6.24,2.475,6.364,14.38,4.8,19.2,5.6,11.2,,0.115343673,0.114870902,0.109481144,0.119236464
26/06/1993,6.4,2.58,5.959,14.31,0,0,28.8,8.8,,0.11593099,0.115930946,0.108610427,0.119110453
27/06/1993,5.9,2.406,5.491,13.53,0,0,0,0,,0.114095623,0.114174302,0.107604264,0.117706332
28/06/1993,5.6,2.326,5.181,12.83,0,0,0,0,,0.112994402,0.113366649,0.106937789,0.116446223
29/06/1993,5.3,2.272,4.885,12.16,0,0,0,0,,0.111893182,0.112821484,0.106301413,0.115240118
30/06/1993,5.18,2.228,4.699,11.7,0.8,0,0,2.4,,0.111452693,0.112377275,0.105901528,0.114412047
01/07/1993,5.01,2.202,4.783,11.16,0,0,0,3.2,,0.110828668,0.112114788,0.106082122,0.113439963
02/07/1993,5.14,2.184,5.128,11.6,0,0,20,3.2,,0.111305864,0.111933066,0.106823844,0.114232031
03/07/1993,4.89,2.171,4.578,11.34,0.8,0,71.2,10.4,,0.11038818,0.111801822,0.105641388,0.113763991
04/07/1993,4.79,2.181,4.503,10.95,2.4,0,18.4,18.4,,0.110021107,0.111902779,0.105480144,0.11306193
05/07/1993,4.64,2.13,4.408,10.5,0,0,0,0,,0.109470496,0.1113879,0.105275902,0.11225186
06/07/1993,4.57,2.094,4.471,10.2,0,0,0,0,,0.109213545,0.111024457,0.105411347,0.111711813
07/07/1993,4.23,2.06,4.306,9.867,0,0,0,0,,0.107965495,0.110681204,0.10505661,0.111112361
08/07/1993,4.1,2.13,4.211,9.656,28.8,0,47.2,89.6,,0.1074883,0.1113879,0.104852368,0.110732528
09/07/1993,4.57,2.434,9.089,13.04,0,0,22.4,11.2,,0.109213545,0.11445698,0.115339674,0.116824255
10/07/1993,5.33,2.182,6.895,14.6,4.8,0,19.2,17.6,,0.112003304,0.111912874,0.110622751,0.119632498
11/07/1993,4.5,2.07,5.429,11.95,4,0,19.2,21.6,,0.108956594,0.110782161,0.107470969,0.114862086
12/07/1993,4.27,2.009,4.838,10.7,0,0,0,2.4,,0.108112324,0.110166326,0.106200367,0.112611891
13/07/1993,4.11,1.997,4.644,10.27,12,5.6,20,0.8,,0.107525007,0.110045178,0.105783283,0.111837824
14/07/1993,4.39,2.218,4.709,10.58,22.4,24.8,13.6,0,,0.108552813,0.112276318,0.105923028,0.112395872
15/07/1993,5.07,3.133,5.293,12.28,22.4,3.2,24,0,,0.111048913,0.121513844,0.10717858,0.115456137
16/07/1993,6.81,3.268,12.089,17.62,12,18.4,34.4,0,,0.117435992,0.122876757,0.121789432,0.125068968
17/07/1993,9.18,2.461,11.168,23.8,0,0,7.2,0,,0.126135634,0.114729563,0.119809356,0.136193931
18/07/1993,6.39,2.22,8.352,17.75,3.2,2.4,18.4,0,,0.115894283,0.112296509,0.113755183,0.125302989
19/07/1993,7.54,13.259,43.204,46.31,37.6,16,90.4,0,,0.120115628,0.22374246,0.188684169,0.176715436
20/07/1993,12.2,5.731,21.002,46.49,28.8,14,16.8,0,,0.137221254,0.147742359,0.140951662,0.177039464
21/07/1993,9.01,5.298,23.605,37.24,0,0,0,0,,0.125511609,0.14337094,0.146547902,0.160388024
22/07/1993,6.88,3.273,11.16,24.29,0,0,9.6,0,,0.117692943,0.122927236,0.119792157,0.137076007
23/07/1993,5.57,2.874,18.208,18.73,20.8,0,26.4,3.2,,0.11288428,0.118899069,0.134944787,0.127067141
24/07/1993,13.3,2.928,23.265,39.61,1.6,0,0.8,0,,0.141259062,0.119444234,0.145816929,0.164654393
25/07/1993,7.93,2.659,12.301,25.53,4,1.6,46,0,,0.121547215,0.116728503,0.122245214,0.1393082
26/07/1993,6.6,2.762,14.695,22.36,9.6,0,2.4,0,,0.116665137,0.117768355,0.127392121,0.133601707
27/07/1993,6.69,2.79,13.129,22.1,4,1.6,28,0,,0.116995503,0.118051034,0.124025348,0.133133666
28/07/1993,6.53,2.705,15.087,23.89,0,0,0,10.4,,0.116408186,0.117192903,0.128234889,0.136355945
29/07/1993,5.96,2.569,9.86,19.53,2.4,0,10.4,0,,0.114315867,0.115819893,0.116997262,0.128507266
30/07/1993,5.12,2.389,7.786,15.53,0,0,12.8,0,,0.111232449,0.114002675,0.112538329,0.121306643
31/07/1993,4.8,2.279,6.65,13.52,12.8,0,36.8,0,,0.110057814,0.112892153,0.110096021,0.11768833
01/08/1993,4.44,2.315,6.167,12.49,0,0,4,0,,0.108736349,0.113255597,0.10905761,0.11583417
02/08/1993,4.46,2.663,5.764,12.45,3.2,0,18.4,0,,0.108809764,0.116768885,0.108191192,0.115762163
03/08/1993,4.29,2.412,8.176,12.56,11.2,0,34.4,12,,0.108185739,0.114234875,0.113376798,0.115960181
04/08/1993,9.76,3.006,17.887,25.11,4.8,22.4,24.8,13.6,,0.12826466,0.120231695,0.134254663,0.138552135
05/08/1993,54.8,26.523,86.657,108,146.4,165.6,112.8,132.8,,0.293594567,0.357651246,0.28210461,0.287767042
06/08/1993,55.1,13.687,34.227,127.8,7.2,4.8,2.4,1.6,,0.294695788,0.228063401,0.169384344,0.323410125
07/08/1993,15.7,4.954,17.907,48.75,0.8,1.6,19.2,12,,0.150068826,0.139898034,0.134297662,0.181107816
08/08/1993,12.1,3.934,16.391,31.65,3.2,0.8,14.4,4.8,,0.13685418,0.129600464,0.131038384,0.150325153
09/08/1993,15.4,4.063,18.675,33.63,26.4,47.2,53.6,45.6,,0.148967606,0.130902804,0.1359488,0.153889461
10/08/1993,16.2,3.774,15.087,41.23,0,0,0.8,1.6,,0.151904194,0.127985159,0.128234889,0.167570645
11/08/1993,17.2,6.017,33.505,40.14,45.6,26.4,62.4,72.4,,0.155574929,0.150629717,0.167832102,0.165608475
12/08/1993,27.5,5.69,28.493,67.91,8.8,17.6,14.4,32.8,,0.1933835,0.147328437,0.157056707,0.215598799
13/08/1993,16,3.9,18.254,44.83,0,0,0,0,,0.151170047,0.129257212,0.135043684,0.174051205
14/08/1993,11.1,3.326,11.973,30.32,0,0,0,0,,0.133183445,0.123462305,0.121540041,0.147930946
15/08/1993,12.4,5.424,15.612,31.47,28,34,48,25.6,,0.137955401,0.144642992,0.129363597,0.150001125
16/08/1993,12.1,4.125,12.258,33,0,8,0,0,,0.13685418,0.131528735,0.122152768,0.152755363
17/08/1993,9.26,3.332,9.114,24.38,0,0,0,0,,0.126429292,0.123522879,0.115393422,0.137238021
18/08/1993,7.98,3.049,7.763,20.33,0,0,0,0,,0.121730752,0.120665809,0.112488881,0.12994739
19/08/1993,7.04,2.878,6.885,17.9,0,0,22.4,4,,0.118280261,0.118939451,0.110601252,0.125573012
20/08/1993,6.35,2.806,6.334,15.83,0,0,5.6,0.8,,0.115747453,0.118212564,0.109416646,0.12184669
21/08/1993,5.86,2.726,5.953,14.52,1.6,0,8,3.2,,0.113948793,0.117404912,0.108597527,0.119488486
22/08/1993,5.51,3.06,5.614,13.99,20.8,0,0,4.8,,0.112664036,0.120776861,0.107868704,0.118534403
23/08/1993,5.48,2.763,5.499,13.78,4,0.8,0,4,,0.112553914,0.117778451,0.107621464,0.118156371
24/08/1993,5.32,2.598,5.268,13.29,0,0,0,0,,0.111966596,0.116112668,0.107124832,0.117274294
25/08/1993,5.2,2.518,5.085,12.84,0,0,0,0,,0.111526108,0.115305015,0.106731397,0.116464224
26/08/1993,5,2.49,4.947,12.39,0,0,0,0,,0.110791961,0.115022337,0.106434708,0.115654154
27/08/1993,4.82,2.443,4.779,12.07,0,0,0,0,,0.110131229,0.114547841,0.106073522,0.115078104
28/08/1993,4.65,2.421,4.684,11.58,0,0,0.8,0,,0.109507204,0.114325736,0.10586928,0.114196028
29/08/1993,4.53,2.352,4.619,11.32,0,0,8,5.6,,0.109066716,0.113629136,0.105729535,0.113727987
30/08/1993,4.38,2.337,4.428,10.88,0,0,0,0,,0.108516105,0.113477701,0.1053189,0.112935919
31/08/1993,4.28,2.301,4.313,10.58,0,0,0,0,,0.108149032,0.113114258,0.105071659,0.112395872
01/09/1993,4.26,2.29,4.218,10.48,0,0,0.8,4,,0.108075617,0.113003205,0.104867417,0.112215857
02/09/1993,4.12,2.258,4.198,10.34,0,0,0,0,,0.107561714,0.112680144,0.104824419,0.111963835
03/09/1993,4.12,2.264,4.083,10.25,4.8,0,0,4.8,,0.107561714,0.112740718,0.104577178,0.111801821
04/09/1993,4.04,2.238,4.035,10.04,0,0,0,0,,0.107268055,0.112478231,0.104473982,0.111423788
05/09/1993,3.98,2.23,3.994,9.96,0,0,0,0,,0.107047811,0.112397466,0.104385835,0.111279776
06/09/1993,3.96,2.244,3.937,9.954,0,0,0,0,,0.106974397,0.112538805,0.10426329,0.111268975
07/09/1993,3.94,2.218,3.745,10.01,3.2,0,0,0,,0.106900982,0.112276318,0.103850505,0.111369783
08/09/1993,4.84,4.537,12.751,11.97,116.4,26.4,95.6,132.8,,0.110204643,0.135688145,0.123212678,0.114898089
09/09/1993,33.8,7.841,32.701,58.26,10.8,11.6,3.2,19.2,,0.216509131,0.169044194,0.166103567,0.198227297
10/09/1993,20.8,6.692,39.423,55.08,18.4,5.6,40.8,118,,0.168789575,0.157444285,0.180555324,0.192502801
11/09/1993,19.7,4.538,27.108,61.8,8,0,24,12.4,,0.164751767,0.135698241,0.154079069,0.204599848
12/09/1993,12.2,3.333,15.395,34.91,5.6,0,7.2,11.2,,0.137221254,0.123532975,0.128897065,0.156193661
13/09/1993,75.6,39.174,158.423,129,225.2,55.6,208.8,196.8,,0.369945857,0.485371394,0.436395714,0.325570312
14/09/1993,180,70.723,153.231,317.4,103.2,74.4,30.4,22.4,,0.753170597,0.803879256,0.425233333,0.664719648
15/09/1993,167,80.244,129.352,337.2,80,36.8,15.2,16.8,,0.705451042,0.9,0.373895412,0.700362731
16/09/1993,105,51.684,54.93,258.9,12,15.2,0,0,,0.477865468,0.611668055,0.213894122,0.559410539
17/09/1993,50,27.4,34.089,152.9,0,0,0,0,,0.275975039,0.366505136,0.169087655,0.368594033
18/09/1993,28.1,17.744,24.372,93.07,0,0,0,0,,0.195585941,0.269021479,0.14819689,0.260890717
19/09/1993,19.3,13.526,19.05,62.26,0,0,0.8,1.6,,0.163283473,0.226438,0.136755019,0.20542792
20/09/1993,16.9,10.173,18.333,49.15,12.8,10.4,58.4,42.4,,0.154473708,0.192587264,0.135213527,0.181827878
21/09/1993,16.5,8.911,17.579,47.41,0.8,0,5.6,21.6,,0.153005414,0.179846546,0.133592488,0.178695607
22/09/1993,13.8,5.53,15.168,38.26,0,0,8.8,0.8,,0.14309443,0.145713132,0.128409033,0.162224182
23/09/1993,12.2,4.919,13.527,32,0,0,0.8,0,,0.137221254,0.139544686,0.124881015,0.150955208
24/09/1993,11.1,4.474,11.672,31,0,0,3.2,0,,0.133183445,0.135052119,0.120892915,0.149155052
25/09/1993,9.94,4.213,10.309,29.11,0,0,0.8,0.8,,0.128925392,0.132417153,0.117962575,0.145752758
26/09/1993,9.19,3.866,9.28,25.99,0,0,0,0,,0.126172341,0.12891396,0.115750308,0.140136272
27/09/1993,8.61,3.667,8.477,23.38,0,0,0,0,,0.124043315,0.126904924,0.114023923,0.135437865
28/09/1993,8.23,3.612,7.9,21.42,0,0,0,0,,0.122648435,0.126349663,0.11278342,0.13190956
29/09/1993,8.02,4.678,7.656,20.33,3.2,0.8,32.8,3.2,,0.121877581,0.137111633,0.11225884,0.12994739
30/09/1993,8.05,4.071,7.85,20.44,23.2,10.4,15.2,21.6,,0.121987703,0.130983569,0.112675924,0.130145408
01/10/1993,10.8,6.475,12.783,26.3,12.8,8.8,37.6,17.6,,0.132082224,0.155253527,0.123281475,0.14069432
02/10/1993,35.6,18.363,55.999,82.21,69.6,38.4,30.4,25.6,,0.223116454,0.27527069,0.216192386,0.241341026
03/10/1993,44.4,16.297,31.95,104.4,0,0,0,0,,0.255418923,0.254413064,0.164488978,0.281286481
04/10/1993,23,14.144,25.032,68.06,6.4,0.8,16,4,,0.176865192,0.232677116,0.149615836,0.215868823
05/10/1993,25.7,16.141,34.012,69.72,46.4,52.8,28.8,20.8,,0.186776177,0.252838141,0.168922111,0.218857081
06/10/1993,71.4,25.919,56.15,133.4,12.8,18.8,12.8,12,,0.354528769,0.351553469,0.216517023,0.333490997
07/10/1993,95.4,35.334,82.066,185,23.6,28.4,20.8,31.2,,0.442626411,0.446604074,0.27223433,0.426379032
08/10/1993,68.1,19.787,43.905,150.4,1.6,0,0.8,0.8,,0.342415344,0.289646904,0.190191262,0.364093644
09/10/1993,37.7,13.397,30.387,90.31,0,13.6,0,1.6,,0.230824998,0.22513566,0.161128654,0.255922287
10/10/1993,30.2,11.544,24.317,71.14,0.8,0,0.8,2.4,,0.203294485,0.206428409,0.148078644,0.221413302
11/10/1993,22.4,10.139,19.707,59.05,1.6,2.4,4,0,,0.174662751,0.192244012,0.138167516,0.19964942
12/10/1993,33.9,18.111,27.472,68.72,66.4,20.8,20.8,20,,0.216876204,0.272726584,0.154861639,0.217056925
13/10/1993,52,16.206,31.808,98.35,4.8,4.8,0,0,,0.283316509,0.253494359,0.164183689,0.270395539
14/10/1993,31.4,12.005,22.305,74.58,0,5.6,0.8,0.8,,0.207699367,0.211082507,0.143753007,0.227605838
15/10/1993,22.3,8.785,17.586,55.06,0,0,0,0.8,,0.174295678,0.178574493,0.133607538,0.192466798
16/10/1993,18.1,5.774,14.755,42.92,0,0,0,0,,0.15887859,0.148176472,0.127521116,0.170612908
17/10/1993,15.5,5.3,12.928,36.39,0,0,0,0.8,,0.149334679,0.143391131,0.123593214,0.158857891
18/10/1993,13.9,4.84,11.755,32.49,0,0,0.8,0,,0.143461503,0.138747129,0.121071359,0.151837284
19/10/1993,13,4.654,11.048,30.28,0,0,0.8,0.8,,0.140157842,0.136869337,0.119551366,0.14785894
20/10/1993,12.8,4.666,10.593,29.3,4,12,11.2,12.8,,0.139423695,0.136990485,0.118573152,0.146094787
21/10/1993,13.2,4.369,10.33,28.16,0,7.2,0.8,0.8,,0.140891989,0.133992075,0.118007724,0.14404261
22/10/1993,12.6,4.093,10.061,27.79,0,0.8,0,0,,0.138689548,0.131205674,0.117429395,0.143376552
23/10/1993,11.7,3.945,9.494,26.08,0,0,0,0,,0.135385886,0.129711517,0.116210391,0.140298286
24/10/1993,11,3.797,9.074,24.67,0.8,1.6,0.8,0,,0.132816371,0.128217359,0.115307425,0.137760066
25/10/1993,10.5,3.706,8.629,23.32,0,0,0,0,,0.130981004,0.127298655,0.114350711,0.135329856
26/10/1993,9.99,3.609,8.128,22.19,0,0,0,0,,0.129108929,0.126319376,0.113273601,0.13329568
27/10/1993,9.46,3.545,7.773,21.05,0,0,0,0,,0.127163439,0.125673254,0.11251038,0.131243503
28/10/1993,9.09,3.494,7.548,20.32,0,0,0,0,,0.125805268,0.125158376,0.112026648,0.129929389
29/10/1993,8.76,3.422,7.367,19.71,0,0,0,0,,0.124593925,0.124431488,0.111637513,0.128831294
30/10/1993,8.53,3.34,7.156,19.23,0.8,0,0,0,,0.123749656,0.123603645,0.11118388,0.127967219
31/10/1993,8.43,3.256,7.081,18.76,0,0,0,0,,0.123382582,0.122755609,0.111022636,0.127121146
01/11/1993,8.35,3.313,6.97,18.53,0,0,0.8,3.2,,0.123088924,0.123331062,0.110783995,0.12670711
02/11/1993,8.12,3.332,6.861,18.36,0,0,0,0,,0.122244654,0.123522879,0.110549654,0.126401084
03/11/1993,8.15,3.276,6.804,18,2.4,2.4,5.6,4,,0.122354777,0.122957523,0.110427108,0.125753028
04/11/1993,8.02,3.238,6.686,17.7,0,0,3.2,2.4,,0.121877581,0.122573888,0.110173418,0.125212981
05/11/1993,8,3.196,6.685,17.8,0,0,0,0,,0.121804166,0.12214987,0.110171268,0.125392996
06/11/1993,7.68,3.166,6.572,17.5,0,0,0.8,0.8,,0.120629531,0.121847,0.109928327,0.12485295
07/11/1993,7.58,3.167,6.554,17.15,0.8,0,1.6,0,,0.120262458,0.121857096,0.109889629,0.124222895
08/11/1993,7.48,3.127,6.479,16.48,0,0,0,0.8,,0.119895384,0.12145327,0.109728385,0.123016791
09/11/1993,7.91,3.656,6.427,17.7,0,7.2,42.4,47.2,,0.1214738,0.126793872,0.109616589,0.125212981
10/11/1993,10.4,4.046,13.479,24.88,0,1.6,0.8,0,,0.13061393,0.130731178,0.124777819,0.138138099
11/11/1993,10.1,3.594,10.297,26.69,0,0,5.6,0,,0.12951271,0.126167941,0.117936776,0.141396381
12/11/1993,8.54,3.354,8.486,22.02,1.6,0,21.6,24.8,,0.123786363,0.123744984,0.114043272,0.132989654
13/11/1993,10.1,5.04,14.956,26.34,23.2,36,56,23.2,,0.12951271,0.14076626,0.12795325,0.140766326
14/11/1993,66.8,26.437,45.559,114.9,21.6,47.2,9.6,8,,0.337643388,0.356783019,0.193747229,0.300188116
15/11/1993,46.2,9.502,20.641,97.19,0,0,0,0,,0.262026246,0.185813079,0.140175541,0.268307359
16/11/1993,23.5,6.43,13.987,52.9,0,0,0,0,,0.17870056,0.154799223,0.125869978,0.188578462
17/11/1993,16.7,5.404,11.263,39.39,0,0,0,0,,0.153739561,0.144441079,0.120013598,0.164258358
18/11/1993,13.7,4.877,9.878,36,0,0,0,0,,0.142727356,0.139120668,0.11703596,0.15815583
19/11/1993,11.9,4.551,8.905,31.05,0,0,0.8,0,,0.136120033,0.135829484,0.114944089,0.14924506
20/11/1993,10.7,4.244,8.018,26,0,0,2.4,0,,0.131715151,0.132730118,0.11303711,0.140154273
21/11/1993,10.5,4.321,7.736,24.69,0,8,0.8,0,,0.130981004,0.133507483,0.112430833,0.137796069
22/11/1993,10.4,4.087,7.576,24.5,0,24.8,8.8,0,,0.13061393,0.1311451,0.112086846,0.13745404
23/11/1993,10.1,4.015,7.184,24.41,0,0,1.6,0,,0.12951271,0.130418213,0.111244078,0.137292026
24/11/1993,9.22,3.792,6.507,22.32,0,0,0,0,,0.126282463,0.128166881,0.109788582,0.1335297
25/11/1993,10.1,3.687,6.68,21.49,2.4,0,8.8,10,,0.12951271,0.127106837,0.110160518,0.132035571
26/11/1993,14.3,3.992,8.502,26.25,0,0,1.6,0,,0.144929797,0.130186012,0.114077671,0.140604312
27/11/1993,13.7,4.059,9.13,30.47,0,0,0,0,,0.142727356,0.130862421,0.11542782,0.148200969
28/11/1993,14.9,4.078,9.084,29.9,0,0,0,0,,0.147132238,0.131054239,0.115328924,0.147174881
29/11/1993,14.2,4.019,8.629,33.5,15.2,15.2,0,0,,0.144562724,0.130458595,0.114350711,0.153655441
30/11/1993,23,7.871,10.325,45.39,6.4,9.6,18.4,12.8,,0.176865192,0.169347063,0.117996974,0.175059293
01/12/1993,28.2,7.263,25.003,58.28,1.6,4,20.8,26.4,,0.195953015,0.163208904,0.149553489,0.1982633
02/12/1993,46,11.152,61.327,99.25,2.4,0,76,44,,0.261292099,0.202470912,0.227647155,0.272015679
03/12/1993,34.7,8.759,44.482,99.11,6.4,0,13.6,43.2,,0.219812793,0.178312006,0.191431766,0.271763658
04/12/1993,58.3,7.413,78.343,113.5,14.4,1.6,48,38.4,,0.30644214,0.164723253,0.264230181,0.297667898
05/12/1993,29.9,6.589,33.954,95.15,5.6,0,11.2,4,,0.202193264,0.156404432,0.168797416,0.264635041
06/12/1993,18.6,6.318,24.056,52.83,18.4,0,36.8,43.2,,0.160713958,0.153668509,0.147517515,0.188452451
07/12/1993,39.5,6.478,48.004,80.19,3.2,0,25.6,12.8,,0.237432321,0.155283814,0.199003781,0.237704711
08/12/1993,38.4,21.854,87.398,97.34,38.4,37.6,117.6,87.2,,0.233394512,0.310514626,0.2836977,0.268577382
09/12/1993,107,42.234,96.197,239,4,0,58.4,14.4,,0.485206938,0.516264102,0.302614839,0.52358744
10/12/1993,53.8,29.225,81.966,171.8,20,6.4,74.4,44.8,,0.289923832,0.384929709,0.272019339,0.402616976
11/12/1993,40.8,22.121,53.709,149.2,4.8,0,40.8,15.2,,0.242204276,0.313210166,0.21126907,0.361933457
12/12/1993,33,19.008,37.488,101,34.4,33.6,0,12.8,,0.213572543,0.281782388,0.17639523,0.275165952
13/12/1993,64.8,44.661,62.642,154.3,24.8,20,25.2,40.8,,0.330301918,0.54076626,0.230474299,0.371114251
14/12/1993,68,32.767,50.91,184.5,29.6,7.2,0,0,,0.34204827,0.420688524,0.205251446,0.425478954
15/12/1993,64.7,43.352,93.292,178.5,21.6,4.8,84.8,55.2,,0.329934844,0.527551046,0.296369324,0.41467802
16/12/1993,83.3,45.391,90.506,219.8,1.6,0,16.8,1.6,,0.398210517,0.548136089,0.290379649,0.489024451
17/12/1993,48,25.324,48.84,150.2,0,0,19.2,2.4,,0.268633569,0.345546554,0.200801114,0.363733613
18/12/1993,90.1,26.642,130.569,179.2,19.2,0,30.4,64.8,,0.423171515,0.358852629,0.376511864,0.415938129
19/12/1993,162,61.426,183.842,293.9,28.8,4,70.4,84,,0.687097366,0.710019939,0.491044511,0.622415989
20/12/1993,81.5,42.693,63.704,265.1,0,0,0,0,,0.391603194,0.520898009,0.232757513,0.570571504
21/12/1993,30.1,21.927,37.827,137.4,1.6,0,1.6,0,,0.202927411,0.311251609,0.177124053,0.34069162
22/12/1993,27.7,20.864,52.522,101.1,14.4,2.4,36,0,,0.194117647,0.300519926,0.208717116,0.275345967
23/12/1993,34.8,22.898,47.111,111.4,8.8,8,41.6,26.4,,0.220179866,0.321054491,0.197083903,0.293887571
24/12/1993,36.3,24.125,41.196,103.9,0.8,21.6,10.4,2.4,,0.225685969,0.333441862,0.184367131,0.280386403
25/12/1993,30.2,18.232,29.125,88.64,0,2.4,4,1.6,,0.203294485,0.273948159,0.158415456,0.252916027
26/12/1993,22.2,15.284,23.4,68.55,0,4,13.6,0,,0.173928604,0.244186164,0.146107168,0.216750899
27/12/1993,19.5,10.905,20.288,57.25,0,0,2.4,0,,0.16401762,0.199977285,0.139416619,0.196409139
28/12/1993,20.2,8.21,19.05,52.94,10.4,16.8,22.4,11.6,,0.166587134,0.172769491,0.136755019,0.188650468
29/12/1993,68.1,23.789,80.208,126.1,11.2,16,36.8,32,,0.342415344,0.330049721,0.26823978,0.32034986
30/12/1993,83.7,33.541,68.586,190.7,16.8,14.4,67.2,39.2,,0.399678811,0.428502562,0.243253419,0.436639919
31/12/1993,50.6,23.232,43.233,143.3,0,0,3.2,1.6,,0.27817748,0.324426441,0.188746516,0.351312539
01/01/1994,29.4,14.507,30.518,91.94,0.8,1.6,1.6,6.4,,0.200357897,0.236341839,0.161410293,0.258856541
02/01/1994,50.3,29.793,59.598,121.6,23.2,30.4,44,28.8,,0.27707626,0.390664042,0.223929945,0.31224916
03/01/1994,97.5,41.468,100.103,203.2,9.6,50.4,49.6,43.2,,0.450334955,0.50853083,0.311012424,0.459141866
04/01/1994,110,41.414,65.174,237.4,0,0,0.8,1.6,,0.496219143,0.507985664,0.235917895,0.520707191
05/01/1994,74.7,31.2,44.384,186.5,17.6,36.8,43.2,25.6,,0.366642195,0.40486863,0.191221074,0.429079265
06/01/1994,70.9,27.549,44.114,163.1,0,0,2.4,4.8,,0.352693402,0.368009389,0.190640595,0.386955622
07/01/1994,55.1,19.77,33.786,127.4,0,2.4,0,1.6,,0.294695788,0.289475278,0.168436229,0.322690063
08/01/1994,40.6,14.923,27.197,98.21,0,0.8,21.6,6.4,,0.241470129,0.240541632,0.154270411,0.270143517
09/01/1994,37.4,11.518,39.131,86.6,7.2,7.2,32,12.8,,0.229723777,0.206165922,0.179927548,0.24924371
10/01/1994,79.4,13.828,61.114,145.3,0,2.4,0.8,0,,0.38389465,0.229486888,0.227189222,0.35491285
11/01/1994,47.6,13.94,37.754,113.6,5.6,5.6,16.8,11.2,,0.267165275,0.230617602,0.176967109,0.297847914
12/01/1994,57.4,20.581,63.906,123,36,8.8,52,43.2,,0.303138478,0.297662856,0.233191797,0.314769378
13/01/1994,101,24.82,84.93,186.3,31.2,4.8,9.6,26.4,,0.463182527,0.340458343,0.278391699,0.428719234
14/01/1994,82.5,30.619,83.596,188.6,24.8,0,44,30.4,,0.395273929,0.399003054,0.275523707,0.432859592
15/01/1994,57.5,24.088,50.788,157.1,0.8,7.2,0.8,0,,0.303505552,0.333068322,0.204989156,0.376154687
16/01/1994,35.8,17.423,34.374,102.8,0,7.2,0,0,,0.223850601,0.265780773,0.169700382,0.278406232
17/01/1994,26.1,15.201,26.039,80.08,0,2.4,0,0.8,,0.188244471,0.243348224,0.151780805,0.237506694
18/01/1994,30.9,13.466,35.411,75.03,4,8,36,45.6,,0.205863999,0.225832261,0.171929848,0.228415908
19/01/1994,52.2,12.411,49.843,118.3,0,0,0,0.8,,0.284050656,0.215181343,0.202957483,0.306308646
20/01/1994,27.8,12.344,31.567,81.92,0,0,60,13.6,,0.194484721,0.214504934,0.163665559,0.240818981
21/01/1994,24.8,11.902,31.704,71.77,0,0,16,6.4,,0.183472515,0.210042654,0.163960097,0.2225474
22/01/1994,23.4,11.536,30.167,68.35,3.2,0,20,13.6,,0.178333486,0.206347644,0.160655672,0.216390868
23/01/1994,42.2,21.786,76.299,112.7,19.2,2.4,54.4,48.8,,0.247343305,0.309828121,0.259835746,0.296227774
24/01/1994,29.6,13.328,35.191,100.3,3.2,1.6,35.2,13.6,,0.201092044,0.22443906,0.171456866,0.273905843
25/01/1994,42.8,24.058,86.144,111.6,31.2,5.6,97.6,62.4,,0.249545747,0.332765453,0.281001701,0.294247602
26/01/1994,56.7,37.762,76.945,197.5,33.6,0.8,39.2,37.6,,0.300568964,0.471116327,0.261224594,0.448880978
27/01/1994,123,40.076,139.745,229.3,52,49.6,46.4,44,,0.543938699,0.494477676,0.396239523,0.50612593
28/01/1994,104,39.931,62.123,242.1,0,0,16.8,5.6,,0.474194732,0.493013806,0.229358491,0.529167923
29/01/1994,50.2,22.394,62.298,153,4.8,0,21.2,30.8,,0.276709186,0.315966281,0.229734727,0.368774049
30/01/1994,64.1,20.455,66.452,157.5,2.4,0,4,11.2,,0.327732403,0.296390803,0.238665491,0.37687475
31/01/1994,33.6,16.612,38.178,105.6,1.6,0,0.8,4,,0.215774984,0.257593196,0.177878675,0.283446668
01/02/1994,42.5,16.139,70.007,103.2,23.2,9.6,48.8,60,,0.248444526,0.25281795,0.246308454,0.279126294
02/02/1994,52.4,16.892,49.647,139.6,0,0,0,0.8,,0.284784803,0.260419979,0.202536098,0.344651962
03/02/1994,39.8,21.491,37.988,102.1,34.4,26.4,1.6,12.8,,0.238533541,0.306849903,0.17747019,0.277146123
04/02/1994,62.8,31.212,66.144,144.9,0,0,0,0,,0.322960448,0.404989778,0.238003316,0.354192788
05/02/1994,56.3,18.192,49.421,141.3,0.8,1.6,2.4,4.8,,0.29910067,0.273544333,0.202050217,0.347712227
06/02/1994,39,14.761,40.188,99.39,0,0.8,13.6,7.2,,0.235596953,0.238906136,0.182200012,0.272267701
07/02/1994,33.8,14.152,34.465,89.16,0,0,0.8,3.2,,0.216509131,0.232757881,0.169896025,0.253852108
08/02/1994,26,11.725,31.145,70.76,8,1.6,36.8,44.8,,0.187877397,0.208255723,0.162758293,0.220729243
09/02/1994,33.8,10.398,46.325,84.77,0,0,1.6,0,,0.216509131,0.194858787,0.195394067,0.245949425
10/02/1994,23.3,8.594,27.828,68.28,0,0,0.8,0,,0.177966413,0.176646223,0.155627011,0.216264857
11/02/1994,20,7.957,22.52,56.59,0,0,0,0,,0.165852987,0.17021529,0.144215239,0.195221037
12/02/1994,17.9,7.379,19.221,50.53,0,0,0,0,,0.158144443,0.164380001,0.137122656,0.184312093
13/02/1994,16.3,6.914,16.727,46.39,0,0,0,0,,0.152271267,0.15968552,0.131760757,0.176859448
14/02/1994,15,6.558,14.503,41.9,0,0,0,0,,0.147499312,0.156091467,0.126979337,0.168776749
15/02/1994,14.2,6.632,13.431,39.99,4,2.4,0,0,,0.144562724,0.156838545,0.124674623,0.165338452
16/02/1994,13.6,6.132,12.71,35.09,8,7.2,12,1.6,,0.142360283,0.151790717,0.123124531,0.156517689
17/02/1994,13.3,5.431,12.21,36.73,0,0,1.6,3.2,,0.141259062,0.144713662,0.122049572,0.159469944
18/02/1994,13.2,5.674,12.115,33.65,0,0,0,0,,0.140891989,0.147166906,0.121845329,0.153925465
19/02/1994,12.9,5.62,11.807,31.7,0,0,0,0,,0.139790768,0.146621741,0.121183154,0.150415161
20/02/1994,12.3,5.212,11.104,30.31,2.4,3.2,0,0,,0.137588327,0.142502713,0.119671761,0.147912944
21/02/1994,11.9,4.931,10.588,28.78,3.2,12,1.6,1.6,,0.136120033,0.139665834,0.118562403,0.145158706
22/02/1994,11.5,4.716,10.015,27.88,1.6,2.4,1.6,1.6,,0.134651739,0.137495268,0.117330499,0.143538566
23/02/1994,11.2,4.905,9.935,31.49,5.6,5.6,0,0,,0.133550518,0.139403347,0.117158505,0.150037128
24/02/1994,11.2,4.92,9.774,30.35,0.8,0,0,5.6,,0.133550518,0.139554782,0.116812368,0.147984951
25/02/1994,12.3,5.515,10.817,32.17,36.8,55.2,0,16,,0.137588327,0.145561697,0.119054734,0.151261234
26/02/1994,42.6,19.568,24.803,86.82,23.2,27.2,64.8,55.2,,0.2488116,0.287435956,0.149123505,0.249639744
27/02/1994,98,45.156,120.436,193.9,5.6,5.6,37.6,32.8,,0.452170322,0.54576361,0.354726732,0.442400418
28/02/1994,154,44.727,112.924,280.8,0.8,0.8,26.4,14.4,,0.657731486,0.541432574,0.338576538,0.598833949
01/03/1994,96.7,30.933,55.139,222.5,0,0,1.6,0,,0.447398367,0.40217309,0.214343455,0.493884871
02/03/1994,52.2,20.212,39.355,143.9,0,4,35.2,13.6,,0.284050656,0.293937558,0.18040913,0.352392632
03/03/1994,73.4,20.322,87.041,150.8,36,10.4,61.6,54.4,,0.36187024,0.295048081,0.282930179,0.364813706
04/03/1994,56.8,18.642,47.094,148.8,1.6,0,4.8,2.4,,0.300936037,0.278087378,0.197047355,0.361213395
05/03/1994,51.1,15.402,54.277,111.8,11.2,3.2,16,24,,0.280012848,0.245377451,0.212490225,0.294607634
06/03/1994,38.1,13.582,37.476,103.5,2.4,0,40.8,0,,0.232293292,0.227003357,0.176369431,0.279666341
07/03/1994,41,12.716,72.135,116.9,0.8,0,52,0,,0.242938423,0.218260518,0.250883482,0.303788428
08/03/1994,39.3,12.364,82.048,108.8,9.6,0,66.4,0,,0.236698174,0.214706847,0.272195632,0.289207166
09/03/1994,49.8,13.053,56.441,138.5,2.4,0,12,7.2,,0.275240892,0.221662755,0.21714265,0.342671791
10/03/1994,23.6,11.156,31.587,77.91,0,0,0,0,,0.179067633,0.202511295,0.163708557,0.233600356
11/03/1994,24,10.452,30.709,59.87,27.2,0,31.2,28.8,,0.180535927,0.195403952,0.161820928,0.201125547
12/03/1994,28.1,10.685,37.06,76.8,14.4,0,60,51.2,,0.195585941,0.19775624,0.175475065,0.231602184
13/03/1994,53.5,14.595,81.942,127.8,14.4,0,20,14.4,,0.288822612,0.237230257,0.27196774,0.323410125
14/03/1994,35.7,18.046,80.32,120.9,8.8,0,35.2,29.6,,0.223483528,0.272070367,0.268480571,0.310989051
15/03/1994,36.6,16.894,45.986,120.9,1.6,0,8,5.6,,0.226787189,0.260440171,0.194665244,0.310989051
16/03/1994,20.2,12.37,31.951,70.19,24.8,12.8,22.4,23.2,,0.166587134,0.214767421,0.164491128,0.219703154
17/03/1994,18,11.685,27.426,59.56,1.6,0,10.4,10.4,,0.158511517,0.207851897,0.154762743,0.200567499
18/03/1994,17.5,10.999,26.423,54.1,2.4,4,32,16.8,,0.156676149,0.200926276,0.152606374,0.190738649
19/03/1994,19.5,9.544,28.061,58.46,1.6,0,0.8,0,,0.16401762,0.186237096,0.156127942,0.198587328
20/03/1994,16.3,6.052,20.631,46.14,0.8,0,0,0.8,,0.152271267,0.150983065,0.140154042,0.176409409
21/03/1994,14.6,5.639,16.856,39.57,0,0,0,0,,0.146031018,0.146813558,0.132038097,0.164582386
22/03/1994,19.4,5.742,33.555,46.12,1.6,0,20,33.6,,0.163650546,0.147853411,0.167939598,0.176373406
23/03/1994,64.9,10.533,134.641,110,66.4,2.4,170.4,129.6,,0.330668991,0.196221701,0.385266335,0.291367353
24/03/1994,104,40.361,91.489,259.2,0.8,0,0,0.8,,0.474194732,0.497354938,0.292493019,0.559950586
25/03/1994,31.6,16.309,48.523,124,8.8,14.4,52,18.4,,0.208433514,0.254534212,0.200119589,0.316569533
26/03/1994,25.3,12.315,32.184,85.47,0,0,0,0,,0.185307883,0.21421216,0.164992059,0.247209534
27/03/1994,17.4,8.845,24.907,56.22,8.8,0.8,29.6,46.4,,0.156309076,0.179180233,0.149347096,0.194554979
28/03/1994,18,9.759,40.083,64.34,3.2,0,7.2,7.2,,0.158511517,0.188407663,0.181974271,0.209172243
29/03/1994,18,8.75,31.576,59.25,2.4,0,0,12.8,,0.158511517,0.178221145,0.163684908,0.200009451
30/03/1994,15.8,8.215,22.773,50.76,10.4,6.4,18.4,14.8,,0.1504359,0.172819969,0.144759169,0.184726129
31/03/1994,20,8.586,33.755,52.42,19.2,22.4,83.2,59.2,,0.165852987,0.176565458,0.168369582,0.187714387
01/04/1994,62.4,14.817,88.458,139.1,16,8.8,74.4,32,,0.321492154,0.239471492,0.285976614,0.343751885
02/04/1994,30.1,12.804,40.041,102.4,0.8,0,17.6,3.2,,0.202927411,0.219148936,0.181883974,0.27768617
03/04/1994,19.7,9.8,33.593,65.1,8.8,1.6,54.4,48.8,,0.164751767,0.188821585,0.168021295,0.210540362
04/04/1994,28.1,14.62,60.8,98.21,13.6,0.8,12.8,3.2,,0.195585941,0.237482648,0.226514148,0.270143517
05/04/1994,22.3,11.306,39.81,73.44,10.4,5.6,42.4,34.4,,0.174295678,0.204025643,0.181387343,0.22555366
06/04/1994,28.5,10.337,38.776,79.44,0,0,0,0.8,,0.197054235,0.194242952,0.179164326,0.236354595
07/04/1994,27,10.301,38.067,72.78,22.4,12.8,44.8,35.2,,0.191548133,0.193879508,0.177640034,0.224365558
08/04/1994,30.4,15.538,65.259,91.78,19.2,9.6,68.8,53.6,,0.204028632,0.246750461,0.236100638,0.258568516
09/04/1994,37.7,21.887,49.23,123.3,6.4,0,15.2,17.6,,0.230824998,0.310847783,0.201639582,0.315309424
10/04/1994,21.2,12.414,35.964,77.52,0,1.6,23.2,0,,0.170257869,0.21521163,0.173118753,0.232898296
11/04/1994,20.2,9.204,28.44,61.35,0,0,0.8,0.8,,0.166587134,0.182804573,0.156942761,0.203789778
12/04/1994,19,11.192,28.682,55.09,12.8,16,5.6,6.4,,0.162182252,0.202874738,0.157463042,0.192520803
13/04/1994,22.8,10.907,26.049,63.07,0,0,0,0,,0.176131045,0.199997476,0.151802304,0.206886046
14/04/1994,16.1,8.821,18.434,47.63,0,0,0,0,,0.15153712,0.178937937,0.135430669,0.179091641
15/04/1994,13.6,8.243,15.381,39.93,0.8,0,0.8,0,,0.142360283,0.173102648,0.128866966,0.165230442
16/04/1994,12.2,7.852,13.84,35.34,0.8,0,0,0,,0.137221254,0.169155246,0.12555394,0.156967728
17/04/1994,11.4,7.447,12.599,32.17,0,0,0.8,0.8,,0.134284666,0.165066505,0.12288589,0.151261234
18/04/1994,10.9,4.437,11.756,28.26,0,0,1.6,0,,0.132449298,0.13467858,0.121073508,0.144222625
19/04/1994,10.6,4.012,11.271,26.28,0,0,6.4,0.8,,0.131348077,0.130387926,0.120030798,0.140658317
20/04/1994,10.5,4.182,10.772,25.77,15.2,8,23.2,24,,0.130981004,0.132104187,0.118957988,0.139740238
21/04/1994,13.2,3.989,14.444,29.29,4,5.6,15.2,7.2,,0.140891989,0.130155725,0.126852491,0.146076786
22/04/1994,18,3.941,26.736,39.38,8.8,3.2,13.6,46.4,,0.158511517,0.129671134,0.153279299,0.164240357
23/04/1994,33.3,6.998,47.024,73.41,25.6,16.8,51.2,31.2,,0.214673763,0.160533555,0.19689686,0.225499656
24/04/1994,34.2,5.951,31.54,80.79,0,0,1.6,2.4,,0.217977425,0.149963403,0.163607511,0.238784805
25/04/1994,17.7,6.015,21.232,48.35,10.4,11.2,29.6,20,,0.157410296,0.150609525,0.141446143,0.180387754
26/04/1994,17.5,6.162,27.069,49.5,3.2,0,10.4,6.4,,0.156676149,0.152093587,0.153995222,0.182457933
27/04/1994,14.2,4.364,17.042,39.69,3.2,0,7.2,7.2,,0.144562724,0.133941597,0.132437982,0.164798405
28/04/1994,17.5,3.975,26.584,37.65,4,0,1.6,23.2,,0.156676149,0.130014386,0.152952511,0.161126087
29/04/1994,22.1,3.699,22.133,52.87,0,0,0,0,,0.173561531,0.127227985,0.14338322,0.188524457
30/04/1994,13.5,3.576,14.123,34.32,0,0,0,0,,0.141993209,0.125986219,0.126162367,0.155131569
01/05/1994,11.1,3.332,11.746,27.22,0,0,0,1.6,,0.133183445,0.123522879,0.121052009,0.142350463
02/05/1994,10.1,3.168,10.43,24.07,0.8,0,0,0,,0.12951271,0.121867192,0.118222716,0.136679973
03/05/1994,9.74,3.128,9.576,22.46,2.4,0,3.2,3.2,,0.128191245,0.121463365,0.116386684,0.133781722
04/05/1994,9.32,3.155,9.129,21.27,2.4,0,48,31.2,,0.126649537,0.121735948,0.115425671,0.131639537
05/05/1994,11.5,3.335,12.947,24.27,8,6.4,20.8,15.2,,0.134651739,0.123553166,0.123634062,0.137040004
06/05/1994,17.3,3.355,22.709,37.69,1.6,0,4,1.6,,0.155942002,0.123755079,0.144621574,0.161198094
07/05/1994,12.1,3.275,12.811,31.42,1.6,7.2,5.6,2.4,,0.13685418,0.122947427,0.123341673,0.149911117
08/05/1994,9.83,3.331,10.536,24.05,0,0,0,0,,0.128521611,0.123512784,0.118450607,0.13664397
09/05/1994,8.82,2.889,9.057,20.81,0,0,2.4,0,,0.124814169,0.119050504,0.115270876,0.130811465
10/05/1994,8.28,2.779,8.162,18.95,0,0,0,0,,0.122831972,0.117939981,0.113346699,0.127463176
11/05/1994,7.91,2.743,7.828,17.92,0,0,0,0,,0.1214738,0.117576538,0.112628626,0.125609015
12/05/1994,7.65,2.696,7.339,16.88,0,0,0,0,,0.120519409,0.117102042,0.111577315,0.123736853
13/05/1994,7.26,2.626,6.945,16.09,0,0,0,0,,0.119087822,0.116395346,0.110730247,0.12231473
14/05/1994,7.1,2.618,6.794,15.39,0,0,0,0,,0.118500505,0.116314581,0.110405609,0.121054621
15/05/1994,8.15,5.672,8.341,19.78,28,36,14.4,28,,0.122354777,0.147146715,0.113731534,0.128957305
16/05/1994,10.5,4.207,11.547,25.57,0,0,0.8,1.6,,0.130981004,0.132356579,0.120624175,0.139380206
17/05/1994,8.58,3.221,9.009,22.02,0,0,0,0,,0.123933193,0.122402261,0.11516768,0.132989654
18/05/1994,7.5,2.86,7.64,18.69,0,0,0,0,,0.119968799,0.118757729,0.112224441,0.126995135
19/05/1994,7.15,2.719,7.116,16.56,0,0,0,0,,0.118684041,0.117334242,0.111097883,0.123160803
20/05/1994,7.15,2.672,6.797,15.76,0,0,0,0,,0.118684041,0.116859746,0.110412059,0.121720679
21/05/1994,6.95,3.092,6.718,15.64,8.8,4.8,3.2,0,,0.117949894,0.121099922,0.110242215,0.12150466
22/05/1994,14.5,6.43,19.822,26.65,48.8,35.2,5.6,1.6,,0.145663944,0.154799223,0.138414757,0.141324375
23/05/1994,18.3,5.352,13.999,43.22,0,1.6,0.8,0,,0.159612737,0.143916105,0.125895777,0.171152955
24/05/1994,10.7,4.06,9.586,26.34,0,0,0,0,,0.131715151,0.130872517,0.116408184,0.140766326
25/05/1994,8.52,3.404,7.901,20.46,0,0,0,0,,0.123712949,0.124249767,0.11278557,0.130181411
26/05/1994,7.56,2.974,6.984,17.6,0,0,0,0,,0.120189043,0.119908634,0.110814094,0.125032965
27/05/1994,6.99,2.753,6.48,15.84,0,0,0,0,,0.118096724,0.117677494,0.109730534,0.121864691
28/05/1994,6.64,2.652,6.125,15.36,0,0,0,0,,0.116811967,0.116657833,0.108967313,0.121000617
29/05/1994,6.31,2.573,5.883,14.36,0,0,0,0,,0.115600624,0.115860276,0.108447033,0.119200461
30/05/1994,6.08,2.51,5.715,13.71,0,0,0,0,,0.114756355,0.11522425,0.108085846,0.11803036
31/05/1994,5.87,2.465,5.511,13.4,0,0,0,0,,0.113985501,0.114769945,0.107647263,0.117472311
01/06/1994,5.73,2.501,5.389,13.19,4.8,8,14.4,10.4,,0.113471598,0.115133389,0.107384973,0.117094279
02/06/1994,5.95,2.728,5.468,13.48,0.8,7.2,8.8,1.6,,0.114279159,0.117425103,0.107554816,0.117616324
03/06/1994,6.17,2.72,5.571,14.07,20,8.8,50.4,25.6,,0.115086721,0.117344338,0.107776258,0.118678416
04/06/1994,7.9,2.614,7.095,14.91,6.4,6.4,9.6,0.8,,0.121437093,0.116274198,0.111052735,0.120190546
05/06/1994,8.78,2.441,7.248,18.63,0.8,2.4,1.6,0.8,,0.12466734,0.114527649,0.111381672,0.126887126
06/06/1994,6.76,2.384,6.137,15.57,0,0,16.8,9.6,,0.117252455,0.113952197,0.108993112,0.121378649
07/06/1994,6.24,2.369,6.333,13.47,0,0,0,0,,0.115343673,0.113800762,0.109414496,0.117598322
08/06/1994,6.26,2.324,6.541,14.56,0,0,3.2,2.4,,0.115417087,0.113346458,0.10986168,0.119560492
09/06/1994,5.58,2.276,5.673,12.86,2.4,0,37.6,8,,0.112920987,0.112861866,0.10799555,0.116500227
10/06/1994,5.33,2.277,5.335,11.88,0,0,0,0,,0.112003304,0.112871962,0.107268877,0.114736075
11/06/1994,5.17,2.254,5.176,11.64,0,0,0,0,,0.111415986,0.112639762,0.10692704,0.114304037
12/06/1994,4.97,2.216,4.938,11.22,0,0,0,0,,0.110681839,0.112256127,0.106415359,0.113547972
13/06/1994,4.85,2.222,4.623,11.18,0,0,0,0,,0.110241351,0.112316701,0.105738134,0.113475966
14/06/1994,4.63,2.091,4.338,10.71,0,0,0,0,,0.109433789,0.11099417,0.105125407,0.112629892
15/06/1994,4.5,2.021,4.25,10.25,0,0,0,0,,0.108956594,0.110287474,0.104936215,0.111801821
16/06/1994,4.46,2.043,4.137,10.03,1.6,3.2,6.4,3.2,,0.108809764,0.110509578,0.104693274,0.111405787
17/06/1994,4.61,2.063,4.097,10.3,0,0,0.8,0,,0.109360374,0.110711491,0.104607277,0.111891829
18/06/1994,4.58,2.045,4.078,10.18,1.6,0,6.4,8,,0.109250252,0.11052977,0.104566428,0.11167581
19/06/1994,4.47,2.052,4.556,10.37,1.6,0,65.6,15.2,,0.108846472,0.110600439,0.10559409,0.11201784
20/06/1994,5.51,2.092,7.568,13.63,0,0,5.6,0,,0.112664036,0.111004265,0.112069647,0.117886347
21/06/1994,5.22,2.189,10.749,14.19,9.6,8,57.6,50.4,,0.111599523,0.111983544,0.11890854,0.118894434
22/06/1994,9.4,2.347,15.905,26.89,0,0,6.4,0.8,,0.126943195,0.113578658,0.129993523,0.141756412
23/06/1994,6.46,2.079,8.003,18.78,0,0,4.4,0,,0.116151234,0.110873022,0.113004862,0.127157149
24/06/1994,5.18,1.996,6.194,13.75,8.8,21.6,34.4,13.6,,0.111452693,0.110035082,0.109115658,0.118102366
25/06/1994,4.99,2.368,5.545,12.5,0,0,0,0,,0.110755254,0.113790667,0.10772036,0.115852171
26/06/1994,5.5,2.076,6.013,12.76,0,0,4,16,,0.112627329,0.110842735,0.108726522,0.116320212
27/06/1994,4.83,1.977,7.071,12.27,0,0,6.4,8.8,,0.110167936,0.109843265,0.111001137,0.115438135
28/06/1994,5.82,1.921,8.486,15.79,0,0,0,0,,0.113801964,0.109277908,0.114043272,0.121774684
29/06/1994,4.69,1.88,5.683,12.57,0,0,8,4.8,,0.109654033,0.108863986,0.108017049,0.115978182
30/06/1994,4.12,1.796,4.77,10.65,0,0,0,0.8,,0.107561714,0.108015951,0.106054173,0.112521883
01/07/1994,3.9,1.794,4.339,9.882,0,0,0.8,1.6,,0.106754153,0.10799576,0.105127557,0.111139364
02/07/1994,3.83,1.827,4.055,9.498,0,0,0,0,,0.106497201,0.108328916,0.10451698,0.110448104
03/07/1994,3.68,1.841,4.011,9.229,0,0,0,0,,0.105946591,0.108470256,0.104422384,0.109963862
04/07/1994,3.67,1.843,4.052,8.72,0.8,0,6.4,3.2,,0.105909883,0.108490447,0.104510531,0.109047583
05/07/1994,3.61,1.813,3.908,8.905,0,0,6.4,1.6,,0.105689639,0.108187577,0.104200942,0.109380611
06/07/1994,3.67,1.957,3.828,9.239,10.4,0.8,52.4,9.6,,0.105909883,0.109641352,0.104028949,0.109981863
07/07/1994,3.75,2.331,3.723,9.709,0,0,0,0,,0.106203542,0.113417127,0.103803207,0.110827937
08/07/1994,3.74,1.983,3.781,9.33,0,0,0,0,,0.106166835,0.109903839,0.103927902,0.110145678
09/07/1994,3.68,1.824,3.71,8.986,0,0,0.8,0,,0.105946591,0.10829863,0.103775258,0.109526424
10/07/1994,3.52,1.753,3.672,8.419,0,0,0,4.8,,0.105359273,0.107581838,0.103693561,0.108505736
11/07/1994,3.47,1.747,3.6,8.316,0,0,0.8,6.4,,0.105175736,0.107521264,0.103538767,0.10832032
12/07/1994,3.39,1.725,3.367,8.162,0,3.2,0,0.8,,0.104882078,0.10729916,0.103037836,0.108043096
13/07/1994,3.48,1.679,3.42,7.967,0,0,0,0,,0.105212444,0.106834759,0.103151782,0.107692065
14/07/1994,3.31,1.662,3.361,7.735,0,0.8,0,0.8,,0.104588419,0.106663133,0.103024936,0.107274429
15/07/1994,3.21,1.669,3.269,7.645,0,2.4,2.4,0.8,,0.104221345,0.106733803,0.102827144,0.107112415
16/07/1994,3.14,1.637,3.137,7.434,0,0,0,0,,0.103964394,0.106410742,0.102543354,0.106732582
17/07/1994,3.07,1.614,3.152,7.499,0,0,0,0,,0.103707442,0.106178542,0.102575603,0.106849592
18/07/1994,3.1,1.648,3.11,7.124,0,0,0,0,,0.103817564,0.106521794,0.102485307,0.106174534
19/07/1994,3.01,1.639,3.076,6.623,0,0,0,0,,0.103487198,0.106430933,0.102412209,0.105272656
20/07/1994,2.96,1.64,3.042,6.298,0,0,0,0,,0.103303662,0.106441029,0.102339112,0.104687605
21/07/1994,2.92,1.641,2.969,6.342,1.6,4.8,4,1.6,,0.103156832,0.106451124,0.102182168,0.104766812
22/07/1994,3,1.662,2.955,6.151,0,0,0,0.8,,0.103450491,0.106663133,0.102152069,0.104422983
23/07/1994,2.91,1.59,2.892,5.887,0,0,0,0,,0.103120125,0.105936246,0.102016624,0.103947741
24/07/1994,3.52,2.792,3.51,7.603,20,37.2,54.4,18.4,,0.105359273,0.118071225,0.103345274,0.107036809
25/07/1994,4.47,3.264,3.554,11.16,0,0,0,0,,0.108846472,0.122836375,0.103439871,0.113439963
26/07/1994,3.64,1.988,3.628,8.654,1.6,3.2,12.8,17.6,,0.105799761,0.109954317,0.103598965,0.108928772
27/07/1994,3.9,2.789,3.572,9.499,6.4,19.2,28,16,,0.106754153,0.118040938,0.103478569,0.110449904
28/07/1994,3.69,2.068,3.326,8.672,0,0,0,0,,0.105983298,0.11076197,0.102949689,0.108961175
29/07/1994,3.32,1.773,3.327,8.077,0,0,0,0,,0.104625126,0.107783751,0.102951839,0.107890082
30/07/1994,3.16,1.721,3.277,7.809,6.8,18.4,1.6,10.4,,0.104037809,0.107258777,0.102844343,0.107407641
31/07/1994,4.3,2.727,4.488,9.428,1.6,13.6,0,8,,0.108222447,0.117415007,0.105447895,0.110322093
01/08/1994,4.24,2.269,4.186,10.57,3.2,0.8,0,7.2,,0.108002202,0.112791197,0.10479862,0.112377871
02/08/1994,3.66,2.308,3.906,9.686,0,0,0,1.6,,0.105873176,0.113184927,0.104196642,0.110786533
03/08/1994,3.26,1.915,3.509,8.179,24.4,1.6,0,30.4,,0.104404882,0.109217334,0.103343124,0.108073698
04/08/1994,3.58,2.193,4.949,8.73,13.6,26.4,0,2.4,,0.105579517,0.112023927,0.106439008,0.109065584
05/08/1994,5.82,2.051,7.355,14.1,4,0,5.6,1.6,,0.113801964,0.110590344,0.111611714,0.11873242
06/08/1994,4.19,1.743,4.862,11.62,0,0,0,0,,0.107818666,0.107480881,0.106251965,0.114268034
07/08/1994,3.69,1.674,4.129,9.796,0,0,0,0,,0.105983298,0.106784281,0.104676074,0.11098455
08/08/1994,3.4,1.754,3.741,8.954,0,0,0.8,0.8,,0.104918785,0.107591934,0.103841906,0.109468819
09/08/1994,3.21,1.695,3.641,8.478,0,0,0,0,,0.104221345,0.10699629,0.103626914,0.108611945
10/08/1994,3.18,1.673,3.509,8.157,8.8,1.6,0.8,0,,0.104111223,0.106774185,0.103343124,0.108034095
11/08/1994,3.26,1.703,3.443,7.746,4.8,7.2,1.6,0,,0.104404882,0.107077055,0.10320123,0.107294231
12/08/1994,3.25,1.676,3.363,7.646,0,0,0,0,,0.104368175,0.106804472,0.103029236,0.107114215
13/08/1994,3.1,1.608,3.309,7.348,0,0,0,0,,0.103817564,0.106117968,0.102913141,0.106577769
14/08/1994,2.97,1.55,3.21,6.909,0,0,0,0,,0.103340369,0.10553242,0.102700299,0.105787501
15/08/1994,2.89,1.543,3.134,6.758,0,0,0,0,,0.10304671,0.10546175,0.102536905,0.105515677
16/08/1994,2.85,1.552,3.091,6.59,1.6,0,8,8.8,,0.102899881,0.105552611,0.102444458,0.105213251
17/08/1994,3.29,1.778,3.264,7.158,13.6,17.6,64,24,,0.104515004,0.107834229,0.102816394,0.106235739
18/08/1994,5.5,1.858,6.151,9.919,0,0,1.6,2.4,,0.112627329,0.108641882,0.109023211,0.111205969
19/08/1994,5.51,1.52,5.258,12.64,0,0,7.2,7.2,,0.112664036,0.10522955,0.107103333,0.116104193
20/08/1994,4.02,1.462,4.228,9.52,0,0,0,0,,0.107194641,0.104644002,0.104888916,0.110487707
21/08/1994,3.53,1.427,3.976,8.371,0,0,0,1.6,,0.105395981,0.104290654,0.104347137,0.108419328
22/08/1994,3.25,1.415,3.644,7.352,0,0,0.8,0,,0.104368175,0.104169506,0.103633364,0.10658497
23/08/1994,3.23,1.654,3.57,7.159,10.4,11.2,45.2,31.6,,0.10429476,0.106582368,0.103474269,0.10623754
24/08/1994,4.53,1.822,7.65,10.28,16.8,3.2,44,49.6,,0.109066716,0.108278438,0.11224594,0.111855826
25/08/1994,13.9,2.361,37.799,38.58,9.6,15.2,50.4,19.2,,0.143461503,0.113719997,0.177063855,0.162800232
26/08/1994,9.97,1.982,14.108,33.27,5.6,0.8,29.6,21.6,,0.129035514,0.109893743,0.126130118,0.153241405
27/08/1994,5.84,1.551,11.513,18.75,2.4,0,67.6,13.6,,0.113875379,0.105542515,0.120551078,0.127103144
28/08/1994,5.66,1.504,12.3,17.88,3.2,0,9.6,6.4,,0.113214646,0.105068019,0.122243064,0.125537009
29/08/1994,4.56,1.53,9.796,16.12,0,0,8.8,0.8,,0.109176838,0.105330507,0.116859667,0.122368735
30/08/1994,4.18,1.475,7.485,13.02,20,0,8.8,3.2,,0.107781958,0.104775245,0.111891203,0.116788252
31/08/1994,4.08,1.855,7.31,11.92,14.4,31.2,40.8,19.2,,0.107414885,0.108611595,0.111514967,0.114808081
01/09/1994,10.5,5.198,22.413,27.63,12.8,30.8,4.8,9.6,,0.130981004,0.142361374,0.143985198,0.143088527
02/09/1994,9.55,2.558,11.551,29.49,0,0,0.8,0,,0.127493806,0.115708841,0.120632775,0.146436817
03/09/1994,5.59,1.856,7.386,16.21,4.8,2.4,24.8,11.2,,0.112957695,0.108621691,0.111678361,0.122530749
04/09/1994,4.58,1.694,5.952,11.88,4,0.8,18.4,12,,0.109250252,0.106986194,0.108595377,0.114736075
05/09/1994,4.67,1.639,7.265,11.61,0,0,1.6,1.6,,0.109580619,0.106430933,0.111418221,0.114250033
06/09/1994,5.28,1.632,6.865,12.97,4.8,14.4,35.2,22.4,,0.111819767,0.106360263,0.110558253,0.116698244
07/09/1994,5.19,1.621,11.96,14.41,0.8,1.6,5.6,5.6,,0.111489401,0.106249211,0.121512092,0.119290469
08/09/1994,6.24,1.962,11.341,19.49,8.8,8,12,8.8,,0.115343673,0.10969183,0.120181292,0.12843526
09/09/1994,6.25,1.797,10.45,17.45,12,7.2,44,17.6,,0.11538038,0.108026047,0.118265714,0.124762942
10/09/1994,12.5,2.287,19.517,24.22,20,10.4,38.8,17.6,,0.138322474,0.112972918,0.137759032,0.136949996
11/09/1994,17.7,3.046,29.774,41.61,10.4,1.6,23.2,40,,0.157410296,0.120635522,0.159810753,0.168254704
12/09/1994,20.2,5.326,43.151,58.29,21.6,48,100.4,40,,0.166587134,0.143653618,0.188570223,0.198281301
13/09/1994,34,5.356,38.014,78.25,5.6,2.4,8,8,,0.217243278,0.143956488,0.177526088,0.234212409
14/09/1994,18.4,2.872,24.869,47.36,28.8,20.8,10.4,4,,0.159979811,0.118878877,0.149265399,0.178605599
15/09/1994,33.6,9.73,45.271,69.31,26.4,24.8,53.6,12,,0.215774984,0.188114889,0.193128052,0.218119017
16/09/1994,28.6,4.817,26.299,68.41,0,0.8,0.8,3.2,,0.197421309,0.138514929,0.152339784,0.216498877
17/09/1994,12.5,2.734,14.59,34.88,0,0,0,0,,0.138322474,0.117485677,0.12716638,0.156139656
18/09/1994,8.88,2.273,10.399,23.01,0,0,0,0,,0.125034413,0.112831579,0.118156068,0.134771808
19/09/1994,7.61,2.322,8.698,18.87,6.4,5.6,14.4,6.4,,0.12037258,0.113326266,0.114499055,0.127319163
20/09/1994,7.43,2.944,8.786,18.87,15.2,8.8,16,7.2,,0.119711847,0.119605765,0.114688248,0.127319163
21/09/1994,11,3.747,13.228,24.02,4.8,0,0,0,,0.132816371,0.127712577,0.12423819,0.136589965
22/09/1994,10.5,2.794,10.289,26.1,0,0,0.8,0,,0.130981004,0.118091416,0.117919577,0.140334289
23/09/1994,7.4,2.372,7.82,18.27,0,0,0.8,0,,0.119601725,0.113831049,0.112611426,0.12623907
24/09/1994,6.49,2.291,7.015,15.2,9.6,9.6,20,16,,0.116261356,0.113013301,0.110880741,0.120712592
25/09/1994,24.2,6.018,37.792,42.36,17.6,44.8,43.2,24,,0.181270074,0.150639812,0.177048806,0.169604821
26/09/1994,22.1,4.324,22.981,59.44,0,0,0.8,0,,0.173561531,0.13353777,0.145206352,0.20035148
27/09/1994,11.5,2.943,13.88,32.42,0,0,3.2,0.8,,0.134651739,0.119595669,0.125639937,0.151711273
28/09/1994,8.71,2.511,10.391,21.78,0,0,2.4,0.8,,0.124410388,0.115234345,0.118138869,0.132557616
29/09/1994,7.3,2.347,8.675,17.77,0,0,4,0.8,,0.119234652,0.113578658,0.114449607,0.125338992
30/09/1994,6.44,2.254,7.601,15.4,0,0.8,3.2,0,,0.11607782,0.112639762,0.112140594,0.121072623
01/10/1994,6.08,2.354,7.052,15.49,5.6,4.8,44,16.8,,0.114756355,0.113649327,0.110960288,0.121234637
02/10/1994,8.47,3.208,21.788,20.48,12.8,28,73.2,27.2,,0.123529412,0.122271018,0.142641498,0.130217414
03/10/1994,32.2,6.524,38.308,65.22,11.2,28,11.2,6.4,,0.210635955,0.155748214,0.178158164,0.21075638
04/10/1994,20.7,4.196,19.728,55.08,0,0,0.8,0.8,,0.168422502,0.132245526,0.138212665,0.192502801
05/10/1994,11.9,2.905,12.489,31.18,0,0,0,0,,0.136120033,0.119212034,0.122649399,0.14947908
06/10/1994,9.5,2.525,9.644,23.44,0,0,0,0,,0.127310269,0.115375685,0.116532879,0.135545875
07/10/1994,7.96,2.441,8.26,19.71,0,0,15.2,7.2,,0.121657337,0.114527649,0.113557391,0.128831294
08/10/1994,7.24,2.371,8.738,17.59,0,0,7.2,4,,0.119014408,0.113820954,0.114585052,0.125014964
09/10/1994,6.98,2.349,8.873,17.71,0,0,0.8,0,,0.118060017,0.113598849,0.114875291,0.125230982
10/10/1994,6.32,2.252,7.441,15.38,0,0,0.8,0,,0.115637331,0.11261957,0.111796607,0.12103662
11/10/1994,5.89,2.555,6.705,14.3,0,0,0.8,0.8,,0.114058915,0.115678554,0.110214266,0.119092451
12/10/1994,5.55,2.62,6.109,13.35,0,0,0,0.8,,0.112810865,0.116334772,0.108932914,0.117382304
13/10/1994,5.26,2.601,5.821,12.78,0,0,0.8,0,,0.111746352,0.116142954,0.108313738,0.116356215
14/10/1994,5.1,2.59,5.547,12.13,0,0,0,0,,0.111159035,0.116031902,0.10772466,0.115186114
15/10/1994,4.97,2.572,5.363,11.81,1.6,3.2,1.6,3.2,,0.110681839,0.11585018,0.107329075,0.114610064
16/10/1994,4.91,2.536,5.369,11.44,4,4.8,4,4,,0.110461595,0.115486737,0.107341974,0.113944006
17/10/1994,5.09,2.519,5.651,11.74,0,0,0,0,,0.111122327,0.115315111,0.107948251,0.114484053
18/10/1994,4.9,2.481,5.518,11.67,0,0,0,0,,0.110424888,0.114931476,0.107662312,0.114358042
19/10/1994,5.06,2.57,5.584,12.37,8.8,13.6,6.4,10.4,,0.111012205,0.115829989,0.107804207,0.115618151
20/10/1994,9.96,4.029,10.722,20.34,30.4,33.6,20,9.6,,0.128998807,0.130559552,0.118850492,0.129965392
21/10/1994,18.2,4.251,16.385,38.84,8.8,0.8,16.8,4,,0.159245664,0.132800787,0.131025485,0.163268273
22/10/1994,17.5,4.678,28.091,41.47,16,27.2,54.4,16.8,,0.156676149,0.137111633,0.156192439,0.168002682
23/10/1994,67.4,13.076,59.856,100.9,22.4,25.6,87.2,26.4,,0.339845829,0.221894955,0.224484624,0.274985936
24/10/1994,38.2,6.417,29.314,82.47,0,0,27.2,8,,0.232660365,0.154667979,0.158821791,0.241809066
25/10/1994,19.7,10.759,27.898,57.03,14.4,28.8,67.2,28.8,,0.164751767,0.198503319,0.155777505,0.196013105
26/10/1994,21,10.935,34.524,63.62,0,0,6.4,5.6,,0.169523722,0.200280154,0.17002287,0.207876131
27/10/1994,16,7.678,24.169,50.23,0.8,0,40,26.4,,0.151170047,0.167398602,0.147760456,0.183772046
28/10/1994,12.9,5.261,21.284,40.8,2.4,0,29.6,7.2,,0.139790768,0.1429974,0.141557939,0.166796578
29/10/1994,11.3,4.666,16.059,33.32,0,1.6,6.4,3.2,,0.133917592,0.136990485,0.130324611,0.153331413
30/10/1994,10.7,6.149,14.753,30.45,14.4,7.2,29.6,12.8,,0.131715151,0.151962343,0.127516816,0.148164966
31/10/1994,23.6,10.345,43.478,55.25,12.8,0,55.6,31.6,,0.179067633,0.194323717,0.189273247,0.192808828
01/11/1994,24.7,14.279,38.611,82.34,0.8,0,5.6,0.8,,0.183105442,0.234040029,0.17880959,0.241575046
02/11/1994,14.1,12.391,19.446,52.2,0,0,0,0,,0.14419565,0.21497943,0.137606387,0.187318353
03/11/1994,13.4,13.091,24.243,43.76,16,28,40.8,28,,0.141626136,0.22204639,0.14791955,0.172125039
04/11/1994,23.5,11.821,29.837,63.13,1.6,12.8,4,0.8,,0.17870056,0.209224906,0.159946198,0.206994055
05/11/1994,50.4,31.41,55.709,108.2,20,48.8,56.8,30.4,,0.277443333,0.406988718,0.215568909,0.288127073
06/11/1994,45,16.918,33.342,108.4,0,0,0,0,,0.257621364,0.260682466,0.167481665,0.288487104
07/11/1994,21.3,10.701,21.671,62.52,0,0,6.4,0,,0.170624943,0.197917771,0.142389958,0.20589596
08/11/1994,16.1,8.93,17.115,45.96,7.2,0.8,41.6,8,,0.15153712,0.180038363,0.132594926,0.176085381
09/11/1994,17.8,15.705,35.339,56.48,15.2,4,51.2,16,,0.15777737,0.248436435,0.171775054,0.195023019
10/11/1994,24.7,20.247,35.247,79.89,2.4,0,3.2,6.4,,0.183105442,0.294290906,0.171577261,0.237164665
11/11/1994,20.3,14.248,25.904,65.09,2.4,0,4,3.2,,0.166954208,0.233727064,0.151490566,0.21052236
12/11/1994,25.7,19.017,43.93,66.21,24.8,29.6,67.2,25.6,,0.186776177,0.281873249,0.19024501,0.212538535
13/11/1994,63.4,21.638,86.322,129.3,20.8,2.4,100.8,99.2,,0.325162889,0.308333964,0.281384387,0.326110359
14/11/1994,107,36.505,134.357,229.8,27.2,4,76.8,55.2,,0.485206938,0.458426087,0.384655758,0.507026008
15/11/1994,79.4,34.49,81.599,196.1,20,0.8,24.8,20,,0.38389465,0.43808334,0.271230318,0.44636076
16/11/1994,43.7,21.929,51.652,138.5,6.4,1.6,15.2,19.2,,0.252849408,0.3112718,0.206846687,0.342671791
17/11/1994,28.2,17.979,40.499,90.63,12.8,0,45.6,20.8,,0.195953015,0.271393958,0.182868637,0.256498337
18/11/1994,30.1,17.624,42.889,87.73,18.4,31.2,30.4,14.4,,0.202927411,0.26781,0.188006944,0.251277886
19/11/1994,59.9,25.744,75.818,129.9,12.8,0.8,32.8,21.6,,0.312315316,0.349786729,0.258801635,0.327190452
20/11/1994,66.3,37.629,65.734,162.6,7.2,15.2,57.6,19.2,,0.335808021,0.469773605,0.237121849,0.386055544
21/11/1994,44.3,23.692,37.812,126,0,0,0,0,,0.255051849,0.329070442,0.177091804,0.320169845
22/11/1994,24.7,16.419,27.124,79.39,0,0,0.8,2.4,,0.183105442,0.255644734,0.154113467,0.236264587
23/11/1994,19.8,11.017,22.29,58.4,3.2,0,2.4,2.4,,0.16511884,0.201107998,0.143720758,0.198479318
24/11/1994,17.5,9.139,19.495,49.85,0,0,1.6,0.8,,0.156676149,0.182148356,0.137711733,0.183087987
25/11/1994,15.8,8.322,17.002,44.41,0,0,4.8,0,,0.1504359,0.173900204,0.132351985,0.17329514
26/11/1994,14.2,7.896,15.17,39.81,0,0,21.6,0.8,,0.144562724,0.169599455,0.128413333,0.165014424
27/11/1994,13.1,7.036,13.947,36.81,0,0,0.8,0,,0.140524915,0.16091719,0.125783981,0.159613957
28/11/1994,12,5.187,12.636,32.22,0,0,0,0,,0.136487107,0.142250322,0.122965437,0.151351242
29/11/1994,11.2,4.883,11.576,29.67,0,0,0.8,0,,0.133550518,0.139181242,0.120686523,0.146760845
30/11/1994,10.6,4.718,10.662,27.54,0,0,0,0,,0.131348077,0.137515459,0.118721497,0.142926513
01/12/1994,10.1,4.546,10.088,26.45,0,0,0.8,0,,0.12951271,0.135779006,0.117487443,0.140964343
02/12/1994,9.71,4.474,9.585,24.38,0,0,0.8,0,,0.128081123,0.135052119,0.116406034,0.137238021
03/12/1994,10.6,5.906,16.159,23.95,23.2,14.4,16,31.2,,0.131348077,0.149509099,0.130539603,0.136463954
04/12/1994,49,20.436,63.809,90.54,26.4,44.8,69.6,35.2,,0.272304304,0.296198985,0.232983255,0.256336323
05/12/1994,70.4,19.581,61.497,151.7,10.4,16.8,36.8,15.2,,0.350858034,0.287567199,0.228012642,0.366433847
06/12/1994,60.2,16.046,55.209,137.3,1.6,0,22.4,5.6,,0.313416537,0.251879054,0.214493949,0.340511604
07/12/1994,63.3,18.538,78.054,140.4,14.4,26,32,24,,0.324795815,0.27703743,0.263608854,0.346092087
08/12/1994,86,23.046,101.157,177.8,18.4,28,51.2,36,,0.408121501,0.322548648,0.313278439,0.413417911
09/12/1994,62.9,19.19,49.472,156.3,4.8,0,0,6.4,,0.323327521,0.283619798,0.202159863,0.374714563
10/12/1994,45.5,26.018,88.908,131.1,11.2,7.2,76.8,57.6,,0.259456731,0.352552939,0.286944078,0.329350639
11/12/1994,72.6,29.088,86.027,173.5,16.8,0,4.8,31.2,,0.358933651,0.383546604,0.280750161,0.405677241
12/12/1994,94,23.219,101.679,196.3,3.2,0,38.4,21.6,,0.437487382,0.324295197,0.314400697,0.446720791
13/12/1994,59.9,25.873,67.635,156.1,18.4,46.4,38.4,21.6,,0.312315316,0.351089069,0.241208846,0.374354532
14/12/1994,66.3,25.184,48.397,152.1,0,0,0,0,,0.335808021,0.344133162,0.199848699,0.367153909
15/12/1994,35.7,17.524,33.042,98.55,0.8,0,12,7.2,,0.223483528,0.266800434,0.166836689,0.27075557
16/12/1994,30.9,15.662,35.514,82.78,0,0,2.4,0.8,,0.205863999,0.248002322,0.17215129,0.242367115
17/12/1994,24.5,14.707,39.213,73.66,16.8,14.4,41.2,50.4,,0.182371295,0.23836097,0.180103841,0.225949695
18/12/1994,57.6,19.291,73.749,136,23.2,8,17.6,20.8,,0.303872625,0.284639459,0.254353452,0.338171402
19/12/1994,46.7,20.163,51.448,122,1.6,1.6,8,3.2,,0.263861613,0.293442871,0.206408103,0.312969222
20/12/1994,30.3,13.131,32.982,87.13,0,0,0,0,,0.203661558,0.222450216,0.166707694,0.250197792
21/12/1994,21.6,10.915,24.583,63.21,0,0,0,0,,0.171726163,0.200078241,0.148650523,0.207138067
22/12/1994,17.9,9.445,19.74,51.71,0,0,0.8,0,,0.158144443,0.185237627,0.138238464,0.186436277
23/12/1994,15.8,8.7,16.759,44.81,0,0,0,0,,0.1504359,0.177716363,0.131829554,0.174015202
24/12/1994,15.4,8.314,16.06,41.37,0,0,10.4,6.4,,0.148967606,0.173819439,0.130326761,0.167822667
25/12/1994,19,8.886,24.328,49.17,4.8,0.8,27.2,18.4,,0.162182252,0.179594155,0.148102293,0.181863881
26/12/1994,27,11.607,59.032,71.25,40,16.8,66.4,55.2,,0.191548133,0.207064436,0.222713091,0.221611319
27/12/1994,66.7,24.381,67.548,154.4,13.6,27.2,47.2,25.6,,0.337276315,0.33602635,0.241021803,0.371294267
28/12/1994,103,44.518,163.687,212.5,51.2,17.2,130.8,139.2,,0.470523997,0.539322581,0.447712889,0.475883314
29/12/1994,185,60.852,189.719,319.1,8,6.4,17.6,5.6,,0.771524273,0.704225032,0.503679587,0.667779913
30/12/1994,142,57.851,105.235,309.1,8,0,0,0,,0.613682665,0.673927967,0.322045809,0.649778356
31/12/1994,103,47.382,84.536,254.1,6.4,0,0,0,,0.470523997,0.568236541,0.277544631,0.550769792
01/01/1995,61.6,27.863,44.166,181.2,0.8,0,4,1.6,,0.318555566,0.371179425,0.190752391,0.41953844
02/01/1995,34.8,17.793,30.166,111,0,0,2.4,0,,0.220179866,0.269516166,0.160653522,0.293167509
03/01/1995,23.9,15.098,24.699,75.25,0,0,0,0,,0.180168854,0.242308372,0.148899913,0.228811942
04/01/1995,20.7,14.125,22.218,63.81,4,0.8,28.8,6.4,,0.168422502,0.232485298,0.143565964,0.208218161
05/01/1995,44.3,20.454,81.723,109.1,7.2,17.6,72,38.4,,0.255051849,0.296380707,0.271496908,0.289747213
06/01/1995,62.6,20.069,57.871,153.9,0,0,0,0,,0.322226301,0.29249388,0.220217034,0.370394189
07/01/1995,32.7,16.653,34.943,97.96,0,0,32,4,,0.212471322,0.258007117,0.170923686,0.269693478
08/01/1995,34.2,15.992,43.259,90.79,4.8,0,19.2,12,,0.217977425,0.251333889,0.188802414,0.256786362
09/01/1995,29,15.043,47.679,86.84,6.4,0,68,36.8,,0.198889603,0.241753111,0.198305057,0.249675747
10/01/1995,34,16.006,65.539,106,23.2,34.4,77.6,39.2,,0.217243278,0.251475228,0.236702615,0.28416673
11/01/1995,62.9,17.34,53.079,138.4,0,0,0,0,,0.323327521,0.264942833,0.209914621,0.342491776
12/01/1995,29.5,11.257,28.897,83.9,0,0,0,3.2,,0.20072497,0.203530956,0.157925274,0.244383289
13/01/1995,21.9,10.324,23.573,60.6,0,0,31.2,8.8,,0.172827384,0.194111708,0.146479104,0.202439661
14/01/1995,21.1,11.263,27.995,59.33,4,0,12,16.8,,0.169890796,0.20359153,0.155986047,0.200153463
15/01/1995,24.9,11.462,33.226,70.24,0,0,4,9.6,,0.183839589,0.205600565,0.167232275,0.219793162
16/01/1995,22.5,10.145,26.411,63.19,6.4,12,12,17.6,,0.175029825,0.192304586,0.152580575,0.207102064
17/01/1995,33,12.42,40.975,71.23,24.8,33.6,40,13.6,,0.213572543,0.215272204,0.183891999,0.221575316
18/01/1995,64.9,16.102,46.245,127.5,2.4,0,0.8,1.6,,0.330668991,0.252444411,0.195222073,0.322870078
19/01/1995,39.1,13.401,34.803,91.41,24,17.6,12,12.8,,0.235964027,0.225176043,0.170622697,0.257902459
20/01/1995,49,16.434,46.507,108.3,19.2,13.6,17.6,16.8,,0.272304304,0.255796169,0.195785352,0.288307089
21/01/1995,58.9,19.562,81.688,125.2,50.4,35.2,52.8,40.8,,0.308644581,0.287375382,0.271421661,0.31872972
22/01/1995,103,31.913,74.698,203.6,2.4,5.6,13.6,17.6,,0.470523997,0.412066833,0.256393725,0.459861928
23/01/1995,64.5,24.87,70.267,159.7,24.8,1.6,45.6,27.2,,0.329200697,0.340963126,0.246867433,0.380835092
24/01/1995,60,22.313,60.923,151.9,1.6,0,12,4.8,,0.31268239,0.315148532,0.226778588,0.366793878
25/01/1995,41.8,18.541,42.446,112,18.4,31.2,0,6.4,,0.245875011,0.277067717,0.18705453,0.294967665
26/01/1995,60.1,22.307,34.981,119.4,19.2,45.6,19.2,15.2,,0.313049463,0.315087958,0.171005383,0.308288817
27/01/1995,50.6,18.782,29.414,114.3,24.8,24,0,38.4,,0.27817748,0.27950077,0.159036782,0.299108023
28/01/1995,88.6,48.075,142.403,182.4,13.6,0,38.8,26.4,,0.417665412,0.575232831,0.401954008,0.421698627
29/01/1995,162,71.24,127.178,319.6,6.4,0,26.4,4,,0.687097366,0.80909871,0.369221487,0.668679991
30/01/1995,97.8,51.513,62.924,261.9,0,0,0,0,,0.451436175,0.609941698,0.231080576,0.564811006
31/01/1995,139,66.902,301.598,272.8,121.6,36.8,252,268.8,,0.60267046,0.765303753,0.744210402,0.584432703
01/02/1995,220,74.032,374.061,448.1,3.2,0,3.2,5.6,,0.9,0.837285783,0.9,0.9
02/02/1995,171,54,78.921,362.3,0,0,0,0.8,,0.720133982,0.635049595,0.265472834,0.74554664
03/02/1995,103,38.669,66.926,266,6.4,0,8.8,17.6,,0.470523997,0.480273088,0.239684553,0.572191645
04/02/1995,75.5,29.596,48.786,220.7,0,0,0.8,0.8,,0.369578783,0.388675197,0.200685018,0.490644591
05/02/1995,46.3,21.118,38.242,160.6,0,0,2.4,2.4,,0.262393319,0.303084223,0.17801627,0.382455232
06/02/1995,36.5,16.885,34.73,107.3,0,0,4.8,0.8,,0.226420116,0.26034931,0.170465753,0.286506933
07/02/1995,29.8,15.549,31.031,85.22,4,9.6,27.2,10.4,,0.201826191,0.246861513,0.162513202,0.246759495
08/02/1995,31.1,16.807,35.052,89.57,2.4,2.4,1.6,8,,0.206598146,0.259561849,0.171158027,0.254590172
09/02/1995,26.4,11.958,27.855,76.91,0,0,0,0.8,,0.189345691,0.210608011,0.155685058,0.231800201
10/02/1995,31.2,15.078,29.432,79.76,12.8,22.4,0,8,,0.20696522,0.242106459,0.159075481,0.236930645
12/02/1995,136,41.906,110.532,265.2,18.4,0,36.8,34.4,,0.591658255,0.512952727,0.333433932,0.57075152
13/02/1995,91.3,32.943,95.978,222.3,7.2,15.2,55.2,16.8,,0.427576397,0.422465359,0.302144007,0.49352484
14/02/1995,71.3,25.78,67.655,182.6,12.8,5.6,18.4,25.6,,0.354161696,0.350150173,0.241251844,0.422058658
15/02/1995,79.4,22.549,80.029,168.2,43.2,16,30.4,16.8,,0.38389465,0.317531107,0.267854945,0.396136416
16/02/1995,103,33.316,97.254,203.7,12.8,7.2,43.2,28,,0.470523997,0.426231039,0.304887304,0.460041944
17/02/1995,78.7,44.949,76.537,210.3,8.8,0,64.8,19.2,,0.381325135,0.543673809,0.260347427,0.471922971
18/02/1995,50.5,27.788,61.675,156.8,24,0,80.8,57.6,,0.277810407,0.370422251,0.228395327,0.375614641
19/02/1995,83.5,29.257,102.524,191.2,8,0.8,22.4,12,,0.398944664,0.38525277,0.316217378,0.437539997
20/02/1995,56.5,24.649,68.903,154.7,24.8,0.8,36,32.8,,0.299834817,0.338731986,0.243934943,0.371834314
21/02/1995,67.9,22.38,69.517,159.1,5.6,0,20.8,16.8,,0.341681197,0.315824941,0.245254994,0.379754999
22/02/1995,96.9,40.162,167.891,190.7,87.2,37.6,117.6,93.6,,0.448132514,0.495345902,0.45675115,0.436639919
23/02/1995,163,55.177,114.742,308.4,13.6,1.6,17.6,8.8,,0.690768101,0.646932182,0.342485092,0.648518247
24/02/1995,80.9,33.247,63.25,226,0,0,4.8,3.2,,0.389400753,0.425534439,0.23178145,0.500185416
25/02/1995,45.3,19.526,45.053,139.2,0,0,1.6,0,,0.258722584,0.287011938,0.192659369,0.3439319
26/02/1995,32.3,14.771,34.856,93.19,0,0,0,0,,0.211003028,0.239007092,0.170736643,0.261106736
27/02/1995,26.9,11.594,34.703,74.32,2.4,0,50.4,8.8,,0.191181059,0.206933192,0.170407705,0.227137797
02/03/1995,38.9,16.877,45.939,121.7,2.4,0,16.8,14.4,,0.23522988,0.260268544,0.194564198,0.312429175
03/03/1995,26.5,14.87,34.535,85.82,0,0,19.2,1.6,,0.189712765,0.240006562,0.170046519,0.247839588
04/03/1995,22.2,12.712,28.873,70.17,14.4,5.6,4,8,,0.173928604,0.218220136,0.157873676,0.219667151
05/03/1995,25.8,18.214,48.114,80.91,16,1.6,18.8,21.6,,0.18714325,0.273766437,0.199240272,0.239000824
06/03/1995,33.8,15.475,42.808,99.76,0.8,0,8.8,0.8,,0.216509131,0.246114434,0.187832801,0.272933759
07/03/1995,24.2,12.364,32.928,74.98,6.4,6.4,13.6,6.4,,0.181270074,0.214706847,0.166591599,0.2283259
08/03/1995,22,12.137,28.63,65.88,4.8,4,23.2,17.6,,0.173194457,0.212415133,0.157351246,0.211944483
09/03/1995,20.9,11.628,26.756,61.27,1.6,0,9.6,4,,0.169156649,0.207276444,0.153322297,0.203645765
10/03/1995,24.9,10.343,47.875,71.17,0,0,0,0,,0.183839589,0.194303526,0.198726442,0.221467307
11/03/1995,52,8.592,76.35,116.1,7.2,14.4,42.4,16.8,,0.283316509,0.176626032,0.259945392,0.302348303
12/03/1995,42.4,10.984,43.54,111.3,0,0,0,0,,0.248077453,0.200774842,0.189406542,0.293707556
13/03/1995,24.7,9.068,31.562,71.55,0,0,0,0,,0.183105442,0.181431564,0.163654809,0.222151366
14/03/1995,23.8,7.735,30.717,62.09,4,7.2,11.2,1.6,,0.17980178,0.167974054,0.161838127,0.205121893
15/03/1995,21.6,7.839,25.613,58.38,0.8,0,8.8,7.2,,0.171726163,0.169024002,0.150864939,0.198443315
16/03/1995,17.8,7.568,21.168,49.53,11.2,0,26.4,14.4,,0.15777737,0.16628808,0.141308548,0.182511937
17/03/1995,29.2,9.942,38.995,61.78,31.2,24.8,38.4,28.8,,0.19962375,0.190255168,0.179635159,0.204563845
18/03/1995,35.8,14.662,46.101,93.22,15.2,0,11.2,6.4,,0.223850601,0.237906666,0.194912485,0.26116074
19/03/1995,32.4,10.112,33.854,80.6,0,0,12,0,,0.211370102,0.191971429,0.168582424,0.238442775
20/03/1995,21.4,7.47,24.745,57.9,0,0,0,0,,0.170992016,0.165298705,0.148998809,0.197579241
21/03/1995,17.4,6.085,19.97,46.13,0,0,0,0,,0.156309076,0.151316221,0.138732945,0.176391408
22/03/1995,15.9,5.616,17.454,40.86,0,0,0,0,,0.150802973,0.146581358,0.133323748,0.166904587
23/03/1995,18.3,4.928,17.958,40.86,0,0,0.8,0.8,,0.159612737,0.139635547,0.134407308,0.166904587
24/03/1995,17.1,4.95,17.211,40.43,13.6,0,42.4,30.4,,0.155207855,0.139857651,0.132801318,0.16613052
25/03/1995,24.6,5.873,43.225,64.58,18.4,0.8,46.4,22.4,,0.182738368,0.149175942,0.188729317,0.209604281
26/03/1995,22.7,5.978,43.716,62.84,26.4,18.4,108,64,,0.175763972,0.150235986,0.189784927,0.20647201
27/03/1995,41.9,8.933,56.009,102.4,1.6,4,2.4,2.4,,0.246242085,0.18006865,0.216213885,0.27768617
28/03/1995,21.6,7.211,27.074,64.95,16,23.2,29.6,8,,0.171726163,0.16268393,0.154005971,0.210270338
29/03/1995,19.4,6.453,20.712,50.25,0,0,0.8,0,,0.163650546,0.155031423,0.140328185,0.183808049
30/03/1995,24.8,7.497,26.17,52.39,11.2,15.2,12,4.8,,0.183472515,0.165571288,0.152062444,0.187660383
31/03/1995,38,8.789,33.019,76.74,3.2,0,96,12.8,,0.231926218,0.178614876,0.166787241,0.231494174
01/04/1995,23.1,7.269,29.332,62.72,0,0,29.6,4.8,,0.177232266,0.163269478,0.158860489,0.206255991
02/04/1995,18.5,6.176,21.34,49.5,0,0,0,0,,0.160346884,0.152234926,0.141678334,0.182457933
03/04/1995,15.9,5.44,16.643,40.47,0,0,3.2,0.8,,0.150802973,0.144804523,0.131580164,0.166202527
04/04/1995,14.2,4.751,14.222,35.43,2.4,7.2,4.8,11.2,,0.144562724,0.137848616,0.126375209,0.157129742
05/04/1995,13.2,4.352,12.948,31.7,0,0,2.4,2.4,,0.140891989,0.133820449,0.123636212,0.150415161
06/04/1995,12.3,4.027,12.2,29.57,0,0,0.8,0,,0.137588327,0.13053936,0.122028073,0.146580829
07/04/1995,11.6,3.947,11.433,27.77,0,0,1.6,0,,0.135018813,0.129731708,0.120379085,0.143340549
08/04/1995,10.7,3.744,10.318,25.67,0,0,0,0,,0.131715151,0.12768229,0.117981925,0.139560222
09/04/1995,10.4,3.607,9.852,24.25,0.8,2.4,0.8,2.4,,0.13061393,0.126299185,0.116980062,0.137004001
10/04/1995,10.2,3.598,9.415,23.77,0,0,0.8,0,,0.129879783,0.126208324,0.116040547,0.136139926
11/04/1995,9.7,3.495,9.01,22.66,0,0,0,0,,0.128044416,0.125168471,0.11516983,0.134141753
12/04/1995,9.17,3.372,8.447,21.52,0,0,0,0,,0.126098926,0.123926706,0.113959426,0.132089576
13/04/1995,8.75,3.171,8.095,19.85,0,0,0,0,,0.124557218,0.121897479,0.113202654,0.129083316
14/04/1995,8.58,3.447,7.789,19.57,0,0,0,0,,0.123933193,0.12468388,0.112544779,0.128579272
15/04/1995,8.45,3.479,7.571,19.38,0,0,0,0.8,,0.123455997,0.125006941,0.112076096,0.128237243
16/04/1995,8.33,3.437,7.4,18.88,0,0,0,0,,0.123015509,0.124582923,0.11170846,0.127337165
17/04/1995,8.32,3.468,7.337,18.71,9.6,2.4,63.2,16.8,,0.122978802,0.124895889,0.111573015,0.127031138
18/04/1995,8.79,3.78,7.792,19.71,11.2,12.8,8,7.2,,0.124704047,0.128045733,0.112551229,0.128831294
19/04/1995,8.75,3.467,8.093,19.71,0,1.6,17.6,11.2,,0.124557218,0.124885793,0.113198354,0.128831294
20/04/1995,8.66,3.482,7.416,19.44,0,17.2,2.4,1.6,,0.124226851,0.125037228,0.111742859,0.128345252
21/04/1995,8.47,3.317,7.303,19.19,0,0.8,7.2,3.2,,0.123529412,0.123371444,0.111499918,0.127895213
22/04/1995,8.29,4.039,8.178,19.12,49.6,18.4,27.2,16,,0.122868679,0.130660508,0.113381097,0.127769202
23/04/1995,17.7,4.668,15.9,32.45,0,0,0,0,,0.157410296,0.137010676,0.129982774,0.151765278
24/04/1995,15.3,3.572,11.195,33.44,8.8,14.4,10.4,6.4,,0.148600532,0.125945837,0.119867404,0.153547432
25/04/1995,12.9,3.315,9.547,27.08,0,0,0,0,,0.139790768,0.123351253,0.116324337,0.142098442
26/04/1995,10.2,3.063,8.038,22.33,0,0,0,0,,0.129879783,0.120807148,0.113080109,0.133547702
27/04/1995,8.94,2.962,7.129,19.38,0,0,0,0,,0.125254657,0.119787486,0.111125832,0.128237243
28/04/1995,8.26,2.907,6.654,17.92,0,0,0,0,,0.122758557,0.119232225,0.11010462,0.125609015
29/04/1995,7.83,2.857,6.213,16.98,0,0,0,0,,0.121180141,0.118727443,0.109156506,0.123916869
30/04/1995,7.57,2.812,6.036,16.26,0,0,0,0,,0.12022575,0.118273138,0.10877597,0.122620757
01/05/1995,7.37,2.786,5.854,15.72,0,0,0,4,,0.119491603,0.118010651,0.108384685,0.121648673
02/05/1995,7.15,2.583,5.711,14.89,0,0,0,0,,0.118684041,0.115961233,0.108077247,0.120154543
03/05/1995,6.93,2.433,5.495,13.56,0,0,4,0,,0.11787648,0.114446884,0.107612864,0.117760336
04/05/1995,6.73,2.441,5.348,12.56,0,0,0,0,,0.117142333,0.114527649,0.107296826,0.115960181
05/05/1995,6.56,2.384,5.003,11.91,0,0,0,0,,0.116518308,0.113952197,0.106555104,0.114790079
06/05/1995,6.69,2.361,4.787,11.54,0,0,0,0,,0.116995503,0.113719997,0.106090721,0.114124022
07/05/1995,6.6,2.329,4.733,11.73,0,0,0,0,,0.116665137,0.113396936,0.105974626,0.114466051
08/05/1995,6.46,2.308,4.694,12.3,11.2,7.2,0,4.8,,0.116151234,0.113184927,0.105890779,0.11549214
09/05/1995,6.4,2.301,4.597,12.14,0.8,2.4,0,0,,0.11593099,0.113114258,0.105682237,0.115204115
10/05/1995,6.47,2.276,4.547,12.12,4,6.4,0,0,,0.116187942,0.112861866,0.105574741,0.115168112
11/05/1995,6.39,2.278,4.424,12.01,0,1.6,0,0,,0.115894283,0.112882057,0.105310301,0.114970095
12/05/1995,6.28,2.28,4.394,11.82,0,0,0,0,,0.115490502,0.112902249,0.105245803,0.114628065
13/05/1995,6.14,2.214,4.374,11.5,0,0,0.8,0,,0.114976599,0.112235935,0.105202805,0.114052015
14/05/1995,6.02,2.198,4.38,11.2,8,4,37.6,4,,0.114536111,0.112074405,0.105215704,0.113511969
15/05/1995,6.02,2.249,4.385,11.47,0,0,0,0.8,,0.114536111,0.112589283,0.105226454,0.113998011
16/05/1995,6.15,2.334,4.727,12.04,15.2,8.8,28,17.6,,0.115013306,0.113447414,0.105961726,0.1150241
17/05/1995,7.59,3.708,5.488,14.42,13.6,18.4,22.4,13.6,,0.120299165,0.127318846,0.107597815,0.11930847
18/05/1995,7.65,2.72,5.471,14.61,2.4,0,12,12.8,,0.120519409,0.117344338,0.107561266,0.1196505
19/05/1995,7.51,2.405,5.433,13.72,1.6,0,0.8,0,,0.120005506,0.114164206,0.107479569,0.118048361
20/05/1995,7.38,2.32,5.403,13.68,0,0,6.4,3.2,,0.119528311,0.113306075,0.107415071,0.117976355
21/05/1995,6.36,2.276,4.989,12.64,0,0,0,0,,0.115784161,0.112861866,0.106525005,0.116104193
22/05/1995,6,2.219,4.692,12.27,0,0,1.6,0.8,,0.114462696,0.112286414,0.105886479,0.115438135
23/05/1995,5.79,2.177,4.634,11.81,0,0,0,0,,0.113691842,0.111862396,0.105761784,0.114610064
24/05/1995,6.07,2.666,5.406,12.16,17.6,23.2,37.6,25.6,,0.114719648,0.116799172,0.107421521,0.115240118
25/05/1995,9.55,3.717,6.442,17.4,0.8,4.8,0,0.8,,0.127493806,0.127409707,0.109648838,0.124672934
26/05/1995,8.81,2.495,5.97,17.25,0.8,0,13.6,1.6,,0.124777462,0.115072815,0.108634076,0.124402911
27/05/1995,7.17,2.533,5.552,14.84,16,6.4,47.2,27.2,,0.118757456,0.11545645,0.107735409,0.120064536
28/05/1995,7.82,3.028,8.649,16.49,3.2,28.4,25.6,13.6,,0.121143434,0.1204538,0.114393709,0.123034793
29/05/1995,9.57,2.443,9.998,21.29,14.4,6.4,35.2,10.4,,0.12756722,0.114547841,0.11729395,0.13167554
30/05/1995,7.71,2.414,9.041,18.77,0,0,0,3.2,,0.120739653,0.114255067,0.115236478,0.127139148
31/05/1995,7.15,2.228,7.554,17.06,0,0,0,0,,0.118684041,0.112377275,0.112039548,0.124060881
01/06/1995,6.39,2.109,6.24,14.69,0,2.4,6.4,4,,0.115894283,0.111175892,0.109214554,0.119794512
02/06/1995,5.96,2.032,5.587,13.33,1.6,4.8,0.8,1.6,,0.114315867,0.110398526,0.107810657,0.1173463
03/06/1995,5.92,2.241,5.576,12.12,4.8,4,38.4,19.2,,0.114169037,0.112508518,0.107787008,0.115168112
04/06/1995,6.19,2.187,5.515,12.06,9.6,23.2,7.2,5.6,,0.115160136,0.111963353,0.107655862,0.115060103
05/06/1995,6.11,2.044,7.426,14.73,0,0,4,0,,0.114866477,0.110519674,0.111764358,0.119866518
06/06/1995,5.68,1.995,6.128,13.59,1.6,0.8,8,3.2,,0.113288061,0.110024987,0.108973763,0.117814341
07/06/1995,5.45,1.956,5.36,12.16,6.4,6.4,2.4,0,,0.112443792,0.109631256,0.107322625,0.115240118
08/06/1995,5.38,1.979,5.043,11.54,0.8,0,0,0,,0.11218684,0.109863456,0.106641101,0.114124022
09/06/1995,5.07,1.874,4.548,10.68,0,0,0,0,,0.111048913,0.108803412,0.105576891,0.112575888
10/06/1995,4.94,1.865,4.402,10.16,1.6,0.8,0.8,0,,0.110571717,0.108712551,0.105263002,0.111639807
11/06/1995,5.09,2.045,4.419,10.48,1.6,4.8,0,0,,0.111122327,0.11052977,0.105299551,0.112215857
12/06/1995,5.08,1.914,4.263,10.31,4,3.2,0,0.8,,0.11108562,0.109207239,0.104964164,0.11190983
13/06/1995,4.9,1.842,4.247,10.09,0,0.8,0,0,,0.110424888,0.108480351,0.104929765,0.111513796
14/06/1995,4.7,1.82,4.109,9.709,0,0,0.8,0,,0.109690741,0.108258247,0.104633076,0.110827937
15/06/1995,4.42,1.786,3.991,9.328,0,0,0,0,,0.108662935,0.107914995,0.104379385,0.110142077
16/06/1995,4.35,1.78,3.88,8.953,3.2,8,4.8,3.2,,0.108405983,0.107854421,0.104140744,0.109467019
17/06/1995,4.41,1.801,3.899,9.006,1.6,3.2,25.6,12,,0.108626227,0.108066429,0.104181593,0.109562427
18/06/1995,4.63,1.79,3.858,8.962,0,0,0,0,,0.109433789,0.107955377,0.104093446,0.10948322
19/06/1995,4.45,1.762,4.028,8.938,2.4,0,18.4,22.4,,0.108773057,0.107672699,0.104458933,0.109440017
20/06/1995,4.25,1.71,4.839,8.594,0.8,0,4.8,9.6,,0.10803891,0.107147725,0.106202517,0.108820763
21/06/1995,5.19,1.67,8.061,12.8,0,0,0,0,,0.111489401,0.106743898,0.113129557,0.116392218
22/06/1995,4.89,1.597,5.474,11.43,0,0,0,0,,0.11038818,0.106006916,0.107567716,0.113926005
23/06/1995,4.27,1.595,4.403,9.522,0,0,0,0,,0.108112324,0.105986724,0.105265152,0.110491307
24/06/1995,3.99,1.617,3.947,8.454,0,0,0,0,,0.107084519,0.106208829,0.104284789,0.108568741
25/06/1995,3.97,1.636,3.879,8.221,0,0,0,0,,0.107011104,0.106400646,0.104138595,0.108149305
26/06/1995,4.1,1.643,3.711,8.236,0,0,0,0,,0.1074883,0.106471316,0.103777408,0.108176307
27/06/1995,3.86,1.569,3.548,7.895,0,0,0,0,,0.106607323,0.105724237,0.103426971,0.107562454
28/06/1995,3.62,1.555,3.453,7.297,0,0,0,0,,0.105726347,0.105582898,0.103222729,0.106485961
29/06/1995,3.48,1.55,3.28,6.596,0,0,0,0,,0.105212444,0.10553242,0.102850793,0.105224052
30/06/1995,3.39,1.458,3.093,6.59,0,0,0,0,,0.104882078,0.104603619,0.102448758,0.105213251
01/07/1995,3.32,1.305,3.032,6.517,0,0,0,0,,0.104625126,0.103058984,0.102317613,0.10508184
02/07/1995,3.38,1.315,3.055,6.622,0,0,0,0,,0.10484537,0.10315994,0.102367061,0.105270856
03/07/1995,3.4,1.338,3.043,6.516,0,0,4.8,0,,0.104918785,0.103392141,0.102341262,0.105080039
04/07/1995,3.45,1.32,3.076,6.486,0,0,5.6,0,,0.105102322,0.103210419,0.102412209,0.105026035
05/07/1995,3.41,1.317,3.053,6.481,0,0.8,0,0,,0.104955492,0.103180132,0.102362761,0.105017034
06/07/1995,3.6,1.341,3.074,6.434,0,0,2.4,4.8,,0.105652932,0.103422428,0.10240791,0.104932427
07/07/1995,3.45,1.337,3.07,6.253,3.2,0,12,12,,0.105102322,0.103382045,0.10239931,0.104606598
08/07/1995,3.58,1.302,3.653,6.155,0,0,0,0,,0.105579517,0.103028697,0.103652713,0.104430183
09/07/1995,4.19,1.254,4.302,8.088,0,0,0,0,,0.107818666,0.102544105,0.10504801,0.107909884
10/07/1995,3.62,1.247,3.565,7.286,0,0,0,0,,0.105726347,0.102473436,0.10346352,0.106466159
11/07/1995,3.48,1.29,3.375,6.438,3.2,15.2,0,0,,0.105212444,0.102907549,0.103055035,0.104939627
12/07/1995,3.53,1.443,3.257,6.496,0,0,0,0,,0.105395981,0.104452184,0.102801345,0.105044036
13/07/1995,3.83,1.4,3.82,6.782,0,13.6,0,0,,0.106497201,0.104018071,0.104011749,0.105558881
14/07/1995,5.01,1.472,3.854,8.683,1.6,10.8,0,0,,0.110828668,0.104744958,0.104084847,0.108980977
15/07/1995,4.02,1.55,3.424,8.091,0.8,3.2,0,0.8,,0.107194641,0.10553242,0.103160381,0.107915285
16/07/1995,3.71,1.365,3.231,7.021,0,0,0,0.8,,0.106056713,0.103664723,0.102745447,0.105989118
17/07/1995,3.69,1.465,3.178,6.687,15.2,17.6,11.2,0.8,,0.105983298,0.104674289,0.102631501,0.105387866
18/07/1995,3.9,1.559,4.703,7.742,2.4,0.8,76,0.8,,0.106754153,0.105623281,0.105910128,0.10728703
19/07/1995,3.79,1.384,7.386,9.991,0,0,4.8,0.8,,0.106350372,0.103856541,0.111678361,0.111335581
20/07/1995,3.83,1.265,5.141,9.033,0.8,0,0.8,1.6,,0.106497201,0.102655158,0.106851793,0.109611031
21/07/1995,3.78,1.467,4.092,7.94,2.4,5.6,13.6,4.8,,0.106313664,0.10469448,0.104596527,0.107643461
22/07/1995,3.4,1.28,3.569,7.088,0,0,0,0,,0.104918785,0.102806592,0.10347212,0.106109728
23/07/1995,3.31,1.194,3.558,6.707,1.6,0,8,4,,0.104588419,0.101938366,0.10344847,0.105423869
24/07/1995,3.3,1.214,3.365,6.377,0,0,4,0,,0.104551711,0.102140279,0.103033536,0.104829818
25/07/1995,3.2,1.203,3.184,5.951,0,0,0,0,,0.104184638,0.102029227,0.102644401,0.104062951
26/07/1995,3.16,1.204,3.087,5.619,0.8,1.6,0,0,,0.104037809,0.102039323,0.102435859,0.1034653
27/07/1995,3.13,1.185,2.992,5.541,0,0,0,0,,0.103927687,0.101847505,0.102231616,0.103324888
28/07/1995,3.06,1.156,2.864,5.406,0,0,0,0,,0.103670735,0.101554731,0.101956427,0.103081867
29/07/1995,2.78,1.143,2.722,5.287,0,0,0,0,,0.102642929,0.101423488,0.101651138,0.102867648
30/07/1995,2.66,1.117,2.588,5.201,0,0,8.8,9.6,,0.102202441,0.101161,0.101363049,0.102712835
31/07/1995,2.55,1.117,2.96,5.046,0,0,0,0.8,,0.10179866,0.101161,0.102162819,0.102433811
01/08/1995,2.66,1.101,3.038,5.491,0,0,0,0,,0.102202441,0.10099947,0.102330512,0.10323488
02/08/1995,2.62,1.096,2.808,5.234,0,0,0,0,,0.102055612,0.100948992,0.101836031,0.10277224
03/08/1995,2.43,1.068,2.537,4.814,0,0,4,0,,0.101358172,0.100666313,0.101253403,0.102016174
04/08/1995,2.43,1.058,2.402,4.433,0,0,0,0,,0.101358172,0.100565357,0.100963164,0.101330315
05/08/1995,2.43,1.075,2.386,4.578,0,0,0,0,,0.101358172,0.100736983,0.100928765,0.101591338
06/08/1995,2.45,1.097,2.355,4.605,0,0,0,0,,0.101431587,0.100959087,0.100862118,0.101639942
07/08/1995,2.51,1.073,2.309,4.596,0,0,0,0,,0.101651831,0.100716792,0.100763221,0.10162374
08/08/1995,2.4,1.077,2.293,4.696,0,0,0,0,,0.10124805,0.100757174,0.100728823,0.101803756
09/08/1995,2.36,1.072,2.299,4.581,0,0,0,0,,0.101101221,0.100706696,0.100741722,0.101596738
10/08/1995,2.34,1.084,2.252,4.259,0,0,0,0,,0.101027806,0.100827844,0.100640676,0.101017088
11/08/1995,2.37,1.087,2.185,4.145,0,0,0,0,,0.101137928,0.100858131,0.100496631,0.10081187
12/08/1995,2.5,1.102,2.27,4.151,3.2,8.8,43.2,6.4,,0.101615123,0.101009566,0.100679374,0.100822671
13/08/1995,2.59,1.115,2.229,4.447,0,0,0,0,,0.10194549,0.101140809,0.100591228,0.101355517
14/08/1995,2.51,1.072,2.211,4.381,0,0,0,0,,0.101651831,0.100706696,0.100552529,0.101236707
15/08/1995,2.44,1.055,2.164,4.202,0,0,0,0,,0.101394879,0.10053507,0.100451483,0.100914479
16/08/1995,2.41,1.037,2.157,4.075,0,0,0.8,0,,0.101284757,0.100353348,0.100436434,0.100685859
17/08/1995,2.37,1.043,2.121,3.858,0,0,0,0,,0.101137928,0.100413922,0.100359037,0.100295226
18/08/1995,2.34,1.032,2.104,4.121,0,0,0,0,,0.101027806,0.10030287,0.100322488,0.100768666
19/08/1995,2.35,1.036,2.125,4.175,0,0,0,0,,0.101064513,0.100343252,0.100367636,0.100865875
20/08/1995,2.39,1.018,2.167,4.011,0,0,0,0,,0.101211343,0.100161531,0.100457933,0.100570649
21/08/1995,2.27,1.016,2.092,3.965,0,0,0,0,,0.100770854,0.100141339,0.100296689,0.100487842
22/08/1995,2.13,1.004,2.044,4.138,0,0,0,0,,0.100256951,0.100020191,0.100193493,0.100799269
23/08/1995,2.08,1.038,2.021,3.694,2.4,0,2.4,2.4,,0.100073415,0.100363444,0.100144045,0.1
24/08/1995,2.06,1.002,1.996,3.757,0.8,0,29.6,7.2,,0.1,0.1,0.100090297,0.10011341
25/08/1995,2.11,1.015,1.954,3.748,0.8,0.8,0,0.8,,0.100183537,0.100131244,0.1,0.100097208
26/08/1995,2.17,1.06,2.098,4.245,1.6,0.8,11.2,3.2,,0.100403781,0.100585548,0.100309588,0.100991886
27/08/1995,2.38,1.102,2.109,4.55,0,0,8,5.6,,0.101174635,0.101009566,0.100333237,0.101540933
28/08/1995,2.23,1.06,2.112,4.548,0,0,0,0,,0.100624025,0.100585548,0.100339687,0.101537333
29/08/1995,2.19,1.037,2.197,4.429,0.8,0,4.8,4,,0.100477196,0.100353348,0.10052243,0.101323114
30/08/1995,2.24,1.041,2.255,4.621,0,0,0,0,,0.100660732,0.100393731,0.100647126,0.101668744
31/08/1995,2.26,1.099,2.287,4.633,0,0,0,0,,0.100734147,0.100979279,0.100715923,0.101690346
01/09/1995,2.27,1.105,2.31,4.687,0.8,0,0.8,0,,0.100770854,0.101039853,0.100765371,0.101787555
02/09/1995,2.4,1.176,2.3,4.772,0,11.2,16.8,4,,0.10124805,0.101756644,0.100743872,0.101940568
03/09/1995,2.55,1.156,2.308,4.936,17.6,25.6,12.8,7.2,,0.10179866,0.101554731,0.100761071,0.102235793
04/09/1995,2.88,1.165,2.447,5.218,0,0,4.8,0,,0.103010003,0.101645592,0.10105991,0.102743437
05/09/1995,2.72,1.14,2.409,5.341,0.8,0,0,2.4,,0.102422685,0.101393201,0.100978213,0.102964856
06/09/1995,2.66,1.142,2.377,5.253,4.8,3.2,3.2,0.8,,0.102202441,0.101413392,0.100909416,0.102806443
07/09/1995,5.09,3.535,3.645,8.918,35.2,71.2,47.2,24.8,,0.111122327,0.125572298,0.103635513,0.109404013
08/09/1995,9.26,9.589,5.906,22.79,4.8,24.8,0.8,1.6,,0.126429292,0.186691401,0.108496481,0.134375774
09/09/1995,7.62,3.833,5.586,20.01,0,52.8,0,0,,0.120409287,0.128580803,0.107808507,0.129371341
10/09/1995,5.51,1.91,3.879,11.31,28,10,46.4,25.6,,0.112664036,0.109166856,0.104138595,0.113709986
11/09/1995,8.24,3.868,4.582,15.12,5.6,69.6,5.6,27.2,,0.122685143,0.128934151,0.105649988,0.120568579
12/09/1995,8.44,2.334,6.838,18.72,5.6,0,1.6,0.8,,0.12341929,0.113447414,0.110500206,0.12704914
13/09/1995,5.69,1.906,5.137,14.16,0,0,7.2,0,,0.113324768,0.109126473,0.106843193,0.11884043
14/09/1995,4.82,1.644,4.149,10.98,0,0,0,0,,0.110131229,0.106481411,0.104719073,0.113115935
15/09/1995,4.18,1.483,3.766,9.331,0,0,0,0,,0.107781958,0.104856011,0.103895654,0.110147478
16/09/1995,3.73,1.379,3.409,8.33,0,0,0,0,,0.106130128,0.103806062,0.103128132,0.108345522
17/09/1995,3.6,1.324,3.219,7.606,2.4,9.6,11.6,0,,0.105652932,0.103250801,0.102719648,0.107042209
18/09/1995,3.67,1.344,3.182,7.519,0,0,0,4,,0.105909883,0.103452714,0.102640101,0.106885596
19/09/1995,3.39,1.324,3.103,7.272,0.8,0,0,0,,0.104882078,0.103250801,0.102470257,0.106440957
20/09/1995,3.2,1.3,2.993,6.839,0,0,0,0,,0.104184638,0.103008506,0.102233766,0.10566149
21/09/1995,3.1,1.265,2.875,6.588,0,0,0,0,,0.103817564,0.102655158,0.101980076,0.105209651
22/09/1995,3.04,1.293,2.768,6.28,1.6,0,2.4,1.6,,0.10359732,0.102937836,0.101750034,0.104655203
23/09/1995,2.93,1.271,2.692,6.04,1.6,0,6.4,15.2,,0.10319354,0.102715732,0.10158664,0.104223165
24/09/1995,3,1.335,5.028,6.284,16.8,12,43.2,51.6,,0.103450491,0.103361854,0.106608852,0.104662403
25/09/1995,5.79,1.444,7.818,13.2,2.4,4,40.8,13.6,,0.113691842,0.10446228,0.112607126,0.11711228
26/09/1995,5.62,2.727,15.249,18.67,0,0,18.4,2.4,,0.113067817,0.117415007,0.128583176,0.126959132
27/09/1995,5.57,2.22,8.653,17.88,11.2,1.6,42.4,8.8,,0.11288428,0.112296509,0.114402309,0.125537009
28/09/1995,4.32,1.7,6.861,12.14,0,0,15.2,2.4,,0.108295861,0.107046768,0.110549654,0.115204115
29/09/1995,4.16,1.472,5.529,10.73,0,0,0.8,0,,0.107708544,0.104744958,0.107685961,0.112665896
30/09/1995,3.71,1.447,4.715,9.433,1.6,0,20,7.2,,0.106056713,0.104492567,0.105935927,0.110331094
01/10/1995,3.53,1.65,4.176,8.584,4,2.4,14.4,16,,0.105395981,0.106541985,0.104777121,0.108802761
02/10/1995,3.66,1.517,6.432,9.635,5.6,6.4,6.4,4,,0.105873176,0.105199263,0.109627338,0.110694725
03/10/1995,5.01,1.427,6.424,11.2,6.4,1.6,29.6,43.2,,0.110828668,0.104290654,0.109610139,0.113511969
04/10/1995,9.34,1.434,25.34,24.47,6.4,12,15.2,12.8,,0.126722951,0.104361324,0.150278011,0.137400035
05/10/1995,12.3,1.533,15.576,31.62,0.8,0,29.2,9.6,,0.137588327,0.105360794,0.1292862,0.150271148
06/10/1995,15.5,1.724,32.467,32.1,26.4,6.4,53.6,46.4,,0.149334679,0.107289064,0.165600486,0.151135223
07/10/1995,22.9,2.36,24.877,56.63,4,0,18.4,13.6,,0.176498119,0.113709901,0.149282599,0.195293043
08/10/1995,10.3,1.793,15.635,28.7,0.8,0,0,0,,0.130246857,0.107985664,0.129413045,0.145014694
09/10/1995,8,1.621,10.189,20.15,4,0,0,0.8,,0.121804166,0.106249211,0.117704585,0.129623362
10/10/1995,5.82,1.5,7.297,12.82,1.6,0,0,0,,0.113801964,0.105027637,0.111487019,0.116428221
11/10/1995,4.98,1.461,6.036,11.69,0,0,0.8,0,,0.110718546,0.104633906,0.10877597,0.114394045
12/10/1995,4.5,1.468,5.177,9.747,0,0,4,0.8,,0.108956594,0.104704576,0.10692919,0.110896343
13/10/1995,4.18,1.454,4.547,9.052,0,0,0,0,,0.107781958,0.104563237,0.105574741,0.109645234
14/10/1995,3.91,1.449,4.168,8.775,0,0,0,0,,0.10679086,0.104512758,0.104759921,0.109146591
15/10/1995,3.69,1.441,3.903,8.092,0,0,8.8,8,,0.105983298,0.104431993,0.104190193,0.107917085
16/10/1995,3.52,1.423,3.932,8.045,0,0,0,0.8,,0.105359273,0.104250271,0.10425254,0.107832478
17/10/1995,3.74,1.733,5.595,8.661,13.6,4,32,44,,0.106166835,0.107379925,0.107827856,0.108941373
18/10/1995,5.67,1.546,13.412,17.19,0.8,0,0,0,,0.113251354,0.105492037,0.124633775,0.124294902
19/10/1995,5.19,1.452,7.035,14.48,1.6,0,19.2,3.2,,0.111489401,0.104543045,0.11092374,0.11941648
20/10/1995,4.34,1.455,7.187,11.44,0.8,2.4,6.4,0.8,,0.108369276,0.104573332,0.111250527,0.113944006
21/10/1995,4.62,1.466,6.823,12.02,0,0,0,0,,0.109397082,0.104684385,0.110467957,0.114988096
22/10/1995,4.01,1.419,5.424,10.47,0,0,0,9.6,,0.107157933,0.104209889,0.10746022,0.112197855
23/10/1995,3.7,1.387,4.831,9.249,0,0,0,0.8,,0.106020006,0.103886828,0.106185318,0.109999865
24/10/1995,3.85,1.417,5.047,9.187,12,20,17.6,0,,0.106570616,0.104189697,0.1066497,0.109888255
25/10/1995,5.26,1.972,12.358,13.35,1.6,0,11.2,0,,0.111746352,0.109792787,0.12236776,0.117382304
26/10/1995,9.27,1.585,12.167,22.87,1.6,0,16.8,0,,0.126466,0.105885768,0.121957125,0.134519786
27/10/1995,6.06,1.47,8.007,15.78,0.8,2.4,16.8,0,,0.11468294,0.104724767,0.113013461,0.121756682
28/10/1995,5.19,1.419,7.619,13.41,0,0,0.8,0,,0.111489401,0.104209889,0.112179293,0.117490313
29/10/1995,4.55,1.405,6.241,11.75,0,0,0.8,0,,0.10914013,0.10406855,0.109216704,0.114502054
30/10/1995,4.12,1.399,5.355,10.26,0,0,0.8,0,,0.107561714,0.104007976,0.107311875,0.111819822
31/10/1995,3.88,1.427,4.849,9.343,1.6,2.4,0,13.6,,0.106680738,0.104290654,0.106224016,0.11016908
01/11/1995,3.66,1.347,4.486,8.601,0,0,0,0,,0.105873176,0.103483001,0.105443596,0.108833364
02/11/1995,3.55,1.371,4.184,8.094,0,0,0,0,,0.105469395,0.103725297,0.10479432,0.107920685
03/11/1995,3.48,1.354,3.943,7.742,0,0,0,0,,0.105212444,0.103553671,0.104276189,0.10728703
04/11/1995,3.27,1.299,3.933,7.14,0,0,0,0,,0.104441589,0.10299841,0.10425469,0.106203337
05/11/1995,3.21,1.283,3.725,6.907,0,0,0,0,,0.104221345,0.102836879,0.103807507,0.1057839
06/11/1995,3.13,1.311,3.547,6.761,0,1.6,0,0,,0.103927687,0.103119558,0.103424821,0.105521078
07/11/1995,3.1,1.339,3.527,6.478,0,11.2,0,0.8,,0.103817564,0.103402236,0.103381823,0.105011634
08/11/1995,3.19,1.37,3.497,6.395,1.6,18.4,0,3.2,,0.104147931,0.103715202,0.103317325,0.104862221
09/11/1995,3.31,1.509,3.517,6.783,1.6,7.2,0,1.6,,0.104588419,0.105118498,0.103360324,0.105560681
10/11/1995,3.39,1.603,3.619,7.23,12.8,25.6,0,9.6,,0.104882078,0.106067489,0.103579616,0.106365351
11/11/1995,5.5,2.813,14.232,10.64,44.8,56,0,40,,0.112627329,0.118283234,0.126396708,0.112503882
12/11/1995,31.1,4.94,33.155,59.55,0,0,0,0,,0.206598146,0.139756695,0.16707963,0.200549498
13/11/1995,11.9,2.44,13.649,35.39,0,0,0,0,,0.136120033,0.114517554,0.125143306,0.157057735
14/11/1995,7.77,1.893,9.243,20,0,0,0,4.8,,0.120959897,0.10899523,0.115670761,0.129353339
15/11/1995,7.29,2.075,10.698,17.3,36.8,56,0,61.6,,0.119197944,0.110832639,0.118798894,0.124492919
16/11/1995,52.8,3.8,58.582,76.99,45.6,77.6,0,6.4,,0.286253097,0.128247646,0.221745627,0.231944213
17/11/1995,27.4,3.003,21.62,66.66,0.8,21.6,0,0,,0.193016427,0.120201408,0.142280312,0.213348605
18/11/1995,13.2,2.046,12.586,31.58,0,0,0,0,,0.140891989,0.110539865,0.122857941,0.150199142
19/11/1995,9.66,1.773,9.36,21.68,0,0,0,0,,0.127897586,0.107783751,0.115922302,0.132377601
20/11/1995,8.95,1.682,7.933,18.17,0.8,0,0,0,,0.125291365,0.106865046,0.112854367,0.126059054
21/11/1995,8.1,1.684,7.173,16.77,15.2,9.6,0,20.8,,0.12217124,0.106885238,0.111220429,0.123538836
22/11/1995,10.7,1.732,12.391,20.67,3.2,0,0,5.6,,0.131715151,0.107369829,0.122438707,0.130559443
23/11/1995,9.56,1.715,11.404,22.52,8,0,0,12.8,,0.127530513,0.107198203,0.120316737,0.133889731
24/11/1995,20.7,1.75,45.111,37.03,23.2,16.8,0,59.2,,0.168422502,0.107551551,0.192784065,0.160009991
25/11/1995,36,2.334,42.925,88.54,2.4,1.6,0,3.2,,0.224584748,0.113447414,0.188084341,0.252736012
26/11/1995,15.8,2.283,21.997,45.18,6.4,7.2,0,1.6,,0.1504359,0.112932536,0.143090831,0.17468126
27/11/1995,13.3,2.226,15.471,33.22,6.4,3.2,0,3.2,,0.141259062,0.112357083,0.129060458,0.153151398
28/11/1995,11.2,1.974,12.264,25.97,4.8,0,5.6,2.4,,0.133550518,0.109812978,0.122165667,0.140100269
29/11/1995,10.2,1.901,10.69,22.97,0.8,0.8,3.2,0.8,,0.129879783,0.109075995,0.118781695,0.134699802
30/11/1995,9.5,2.022,9.849,21.25,0,0,0,0,,0.127310269,0.110297569,0.116973612,0.131603534
01/12/1995,8.31,1.992,8.34,18.87,0.8,0,1.6,0,,0.122942094,0.1099947,0.113729384,0.127319163
02/12/1995,7.55,1.999,7.615,16.8,2.4,1.6,4,1.6,,0.120152336,0.110065369,0.112170693,0.123592841
03/12/1995,9.34,3.295,8.991,19.35,11.2,56,30.4,10.4,,0.126722951,0.12314934,0.115128982,0.128183238
04/12/1995,16.1,7.192,15.428,38.07,8,13.6,7.2,11.2,,0.15153712,0.162492113,0.128968012,0.161882153
05/12/1995,15,3.872,12.333,36.07,1.6,4.8,0,0,,0.147499312,0.128974534,0.122314012,0.158281841
06/12/1995,12.5,3.226,10.019,27.62,12.8,13.6,0.8,16,,0.138322474,0.12245274,0.117339099,0.143070526
07/12/1995,13.5,3.842,9.997,29.03,2.4,0.8,0.8,4,,0.141993209,0.128671664,0.1172918,0.145608745
08/12/1995,11.6,3.313,9.14,26.62,0,4.8,0.8,4,,0.135018813,0.123331062,0.11544932,0.14127037
09/12/1995,9.78,2.815,8.25,22.38,12,0,21.6,1.6,,0.128338075,0.118303425,0.113535892,0.13363771
10/12/1995,12.2,2.872,17.482,25.32,0,0,2.4,0,,0.137221254,0.118878877,0.133383946,0.138930167
11/12/1995,14.6,3.053,16.237,36.19,0.8,0,0,0,,0.146031018,0.120706191,0.130707297,0.15849786
12/12/1995,10.5,2.343,11.334,25.58,1.6,0,0.8,0,,0.130981004,0.113538275,0.120166243,0.139398208
13/12/1995,9.3,2.133,9.82,21.41,7.2,8,0.8,0,,0.126576122,0.111418187,0.116911265,0.131891559
14/12/1995,8.97,2.168,9.158,20,9.6,10.4,2.4,0.8,,0.125364779,0.111771535,0.115488018,0.129353339
15/12/1995,9.2,2.182,8.597,19.4,1.6,0,3.2,1.6,,0.126209048,0.111912874,0.114281914,0.128273246
16/12/1995,9.14,2.141,8.141,19.1,1.6,0.8,0,0,,0.125988804,0.111498953,0.11330155,0.127733199
17/12/1995,9.37,2.105,7.68,18.54,0,0,0,0,,0.126833073,0.111135509,0.112310438,0.126725112
18/12/1995,8.34,2.035,7.144,17.29,0,0,0,0.8,,0.123052216,0.110428813,0.111158081,0.124474917
19/12/1995,7.66,2.147,6.618,15.99,0.8,3.2,0,2.4,,0.120556116,0.111559527,0.110027223,0.122134715
20/12/1995,7.63,2.16,6.434,15.33,0,0,0,0,,0.120445994,0.11169077,0.109631638,0.120946612
21/12/1995,7.06,2.133,6.074,14.81,0,0.8,0,2.4,,0.118353675,0.111418187,0.108857667,0.120010531
22/12/1995,22.4,10.927,28.575,35.64,39.2,87.2,74.8,40.8,,0.174662751,0.200199389,0.157233,0.157507774
23/12/1995,57.8,10.534,35.348,99.21,8.8,26.4,1.6,1.6,,0.304606773,0.196231796,0.171794403,0.271943673
24/12/1995,28.3,5.521,19.24,63.44,0,2.4,0,4,,0.196320088,0.145622271,0.137163504,0.207552103
25/12/1995,16.9,3.969,13.227,38.36,0,0,0,0,,0.154473708,0.129953812,0.12423604,0.162404198
26/12/1995,11.7,3.15,8.956,25.95,0,0,0.8,0,,0.135385886,0.12168547,0.115053735,0.140064266
27/12/1995,11.2,2.51,9.15,19.98,0,0,0.8,0,,0.133550518,0.11522425,0.115470819,0.129317336
28/12/1995,8.4,2.514,9.163,16.57,0,0,0,0,,0.12327246,0.115264632,0.115498768,0.123178805
29/12/1995,8.99,2.513,9.176,16.63,0,0,0,0,,0.125438194,0.115254537,0.115526717,0.123286814
30/12/1995,7.61,2.413,9.116,15.82,0,0,0,0,,0.12037258,0.114244971,0.115397722,0.121828688
31/12/1995,8.34,3.01,7.561,17.9,0,7.2,2.4,0,,0.123052216,0.120272078,0.112054597,0.125573012
01/01/1996,8.74,3.142,7.501,18.88,26.4,2.4,16.8,8,,0.12452051,0.121604705,0.111925602,0.127337165
02/01/1996,10.2,3.421,9.147,21.18,8,0,0,0.8,,0.129879783,0.124421393,0.115464369,0.131477523
03/01/1996,10.1,3.567,10.537,22.95,0.8,0,0,0,,0.12951271,0.125895359,0.118452757,0.134663798
04/01/1996,15.3,3.899,17.17,30.86,11.2,5.6,16,8,,0.148600532,0.129247116,0.132713171,0.14890303
05/01/1996,23.9,5.143,26.772,48.28,8,4.8,28,18.4,,0.180168854,0.141806113,0.153356696,0.180261743
06/01/1996,34.5,7.975,32.605,69.82,8,4.8,4.8,2.4,,0.219078645,0.170397012,0.165897175,0.219037097
07/01/1996,44,13.713,47.777,87.5,20,8.8,21.6,16.8,,0.253950629,0.228325888,0.19851575,0.25086385
08/01/1996,53.7,14.281,57.158,111.7,18.4,20.8,63.2,24,,0.289556759,0.234060221,0.218684142,0.294427618
09/01/1996,61,15.158,54.12,128.9,0.8,3.2,7.2,0.8,,0.316353125,0.242914111,0.212152687,0.325390296
11/01/1996,21.9,9.286,24.243,58.66,20,12,1.6,10.4,,0.172827384,0.183632417,0.14791955,0.198947359
12/01/1996,30.5,11.385,30.107,66.55,8,1.6,12,6.4,,0.204395705,0.2048232,0.160526676,0.213150588
13/01/1996,48.6,12.263,69.089,101.4,16.8,12,38.4,36.8,,0.27083601,0.213687186,0.244334828,0.275886014
14/01/1996,40.1,9.853,39.237,100.9,1.6,0,24,0.8,,0.239634762,0.189356654,0.180155439,0.274985936
15/01/1996,21.8,8.242,25.492,61.25,0,0,0,0,,0.17246031,0.173092552,0.150604799,0.203609762
16/01/1996,17.2,7.6,19.15,46.7,0.8,0,0,0,,0.155574929,0.166611141,0.136970011,0.177417497
17/01/1996,15.1,6.585,15.745,39.46,0,0,1.6,0,,0.147866385,0.156364049,0.129649536,0.164384369
18/01/1996,13.7,4.042,13.593,32.78,0,0,0,0,,0.142727356,0.130690795,0.12502291,0.152359329
19/01/1996,12.5,3.774,12.169,29.13,0.8,0,0,0,,0.138322474,0.127985159,0.121961425,0.145788761
20/01/1996,12.1,3.825,11.75,27.66,3.2,0,4.8,3.2,,0.13685418,0.128500038,0.121060609,0.143142532
21/01/1996,12.1,3.863,11.333,27.16,0,0,0,0,,0.13685418,0.128883673,0.120164093,0.142242454
22/01/1996,11.2,3.601,10.391,25.62,5.6,0,0.8,0,,0.133550518,0.126238611,0.118138869,0.139470214
23/01/1996,10.5,3.529,9.936,23.95,0,0,0,0,,0.130981004,0.125511724,0.117160655,0.136463954
24/01/1996,9.78,3.288,9.025,22.13,0,0,0,0,,0.128338075,0.12307867,0.115202079,0.133187671
25/01/1996,9.04,3.059,8.265,20.28,0,0,0,0,,0.125621731,0.120766765,0.11356814,0.129857383
26/01/1996,8.38,2.972,7.512,18.58,0,8,0,0,,0.123199046,0.119888443,0.111949251,0.126797118
27/01/1996,8.23,3.045,7.362,18.11,0,17.6,0,0,,0.122648435,0.120625426,0.111626763,0.125951045
28/01/1996,8.27,3.153,7.116,18.05,0,0,0,0,,0.122795265,0.121715757,0.111097883,0.125843035
29/01/1996,8.38,2.978,7.251,18.26,0,0,0,0,,0.123199046,0.119949017,0.111388122,0.126221068
30/01/1996,8.59,3.055,7.005,18.13,0,0,0,0,,0.1239699,0.120726382,0.110859242,0.125987048
31/01/1996,10,3.22,6.945,19.88,0.8,0,0,0.8,,0.129145636,0.122392166,0.110730247,0.12913732
01/02/1996,10.3,3.351,6.835,21.32,0,0,0,1.6,,0.130246857,0.123714697,0.110493756,0.131729545
02/02/1996,10,3.647,6.876,21.32,1.6,0,0,1.6,,0.129145636,0.126703011,0.110581903,0.131729545
03/02/1996,11.1,3.79,7.001,21.71,8,10.4,0,0,,0.133183445,0.12814669,0.110850642,0.132431605
04/02/1996,13.3,4.164,7.111,25.15,3.2,0.8,0.8,0.8,,0.141259062,0.131922465,0.111087134,0.138624141
05/02/1996,11.9,3.645,7.004,24.38,0,0,0,0,,0.136120033,0.12668282,0.110857092,0.137238021
06/02/1996,10.2,3.266,6.709,21.76,0,4.8,0,0,,0.129879783,0.122856566,0.110222866,0.132521613
07/02/1996,9.04,3.008,6.578,19.01,0,0.8,0,0,,0.125621731,0.120251887,0.109941227,0.127571185
08/02/1996,8.2,2.778,6.341,17.25,3.2,1.6,10.4,1.6,,0.122538313,0.117929886,0.109431696,0.124402911
10/02/1996,29.7,10.643,48.989,60.62,27.2,1.6,47.2,39.2,,0.201459117,0.197332223,0.201121452,0.202475664
11/02/1996,82.2,19.005,98.641,160.9,14.4,0,26.4,8,,0.394172708,0.281752101,0.307869242,0.382995279
12/02/1996,133,40.81,105.632,220.2,4,115.2,76.8,53.6,,0.580646049,0.501887888,0.322899327,0.489744513
13/02/1996,139,37.481,70.855,232.8,0,15.2,0,0.8,,0.60267046,0.468279448,0.248131586,0.512426475
14/02/1996,83.3,23.768,40.948,178.9,0,0,0,0.8,,0.398210517,0.329837712,0.183833951,0.415398082
15/02/1996,51.8,14.671,32.196,114.5,0,0,0,0,,0.282582362,0.237997527,0.165017858,0.299468054
16/02/1996,77.6,14.091,61.799,127.4,0,0.8,0,20.8,,0.377287327,0.232142046,0.228661917,0.322690063
17/02/1996,59.8,12.767,44.598,126.7,0,0,0,33.6,,0.311948243,0.218775397,0.191681156,0.321429954
18/02/1996,60.5,20.272,84.129,139.5,0,15.2,0,24,,0.314517757,0.294543298,0.276669614,0.344471947
19/02/1996,39.8,16.058,39.72,111.4,0,4.8,0,0,,0.238533541,0.252000202,0.18119385,0.293887571
20/02/1996,23.2,12.67,25.713,69.55,0,4,0,2.4,,0.177599339,0.217796118,0.151079931,0.218551055
21/02/1996,20.3,10.099,20.678,54.79,0,10.4,0,2.4,,0.166954208,0.191840186,0.140255088,0.191980756
22/02/1996,25.6,9.698,21.294,52.58,0,12,0,6.4,,0.186409103,0.187791828,0.141579438,0.188002412
23/02/1996,34,10.331,22.41,66,0,0.8,0,21.6,,0.217243278,0.194182378,0.143978748,0.212160502
24/02/1996,46.2,11.723,55.429,91.42,0,2.4,0,12.8,,0.262026246,0.208235532,0.214966932,0.25792046
25/02/1996,49.3,11.821,40.513,104.7,0,9.6,0,14.4,,0.273405524,0.209224906,0.182898736,0.281826528
26/02/1996,30.2,10.042,27.288,74.81,0,0,0.8,4,,0.203294485,0.191264733,0.154466054,0.228019874
27/02/1996,22.3,10.226,21.646,58.99,0,0,0,0,,0.174295678,0.193122334,0.14233621,0.19954141
28/02/1996,19.3,9.111,19.006,50.42,0,0,0.8,0,,0.163283473,0.181865677,0.136660423,0.184114076
29/02/1996,17.4,8.478,16.559,44.56,0,0,0,0,,0.156309076,0.175475127,0.131399571,0.173565163
01/03/1996,17.5,7.769,17.177,42.51,0,0,0,0,,0.156676149,0.168317306,0.132728221,0.169874844
02/03/1996,19.6,5.409,19.074,42.84,0,3.2,0,4.8,,0.164384693,0.144491558,0.136806617,0.170468896
03/03/1996,25.9,5.233,19.665,49.6,0,5.6,0,0,,0.187510324,0.142714722,0.13807722,0.182637948
04/03/1996,25.6,5.108,19.829,52.67,0,0,1.6,0,,0.186409103,0.141452765,0.138429806,0.188164426
05/03/1996,19.7,4.779,15.523,45.33,0,0,4,0,,0.164751767,0.138131294,0.129172254,0.174951283
06/03/1996,16.3,4.453,12.839,36.83,0,0,0.8,0.8,,0.152271267,0.13484011,0.123401871,0.15964996
07/03/1996,15.2,3.66,11.669,33.24,0,0.8,0.8,1.6,,0.148233459,0.126834255,0.120886465,0.153187401
08/03/1996,14.6,3.421,11.301,31.39,0,4.8,0,0,,0.146031018,0.124421393,0.120095295,0.149857113
09/03/1996,13.4,3.847,10.577,28.85,0,7.2,8,7.2,,0.141626136,0.128722142,0.118538754,0.145284717
10/03/1996,12.3,3.607,10.328,26.76,0,0,0,0,,0.137588327,0.126299185,0.118003424,0.141522392
11/03/1996,12.2,3.563,10.101,25.89,0,8,23.2,28.8,,0.137221254,0.125854976,0.117515392,0.139956256
12/03/1996,13.1,4.44,11.427,29.22,0,8.8,0,0,,0.140524915,0.134708867,0.120366185,0.145950775
13/03/1996,12.6,4.22,10.898,30.08,0,0,0,0,,0.138689548,0.132487822,0.119228878,0.147498909
14/03/1996,12,4.02,9.864,27.33,0,0,0,0.8,,0.136487107,0.130468691,0.117005861,0.14254848
15/03/1996,12.2,4.294,9.598,26.48,0,0,0.8,0,,0.137221254,0.133234901,0.116433983,0.141018348
16/03/1996,13.8,6.458,11.129,29.56,0,16,16,11.2,,0.14309443,0.155081901,0.119725509,0.146562828
17/03/1996,17.7,8.4,12.863,38.89,0,0,22.4,7.2,,0.157410296,0.174687666,0.123453469,0.16335828
18/03/1996,17.2,7.2,14.177,39.75,0,0,0,0,,0.155574929,0.162572878,0.126278463,0.164906414
19/03/1996,16.7,6.468,16.589,39.42,0,0.8,0,0,,0.153739561,0.155182858,0.131464068,0.164312363
20/03/1996,17.4,5.955,17.508,40.85,0,0,0,0,,0.156309076,0.150003786,0.133439844,0.166886586
21/03/1996,16,5.452,15.628,38.01,0,1.6,2.4,0.8,,0.151170047,0.144925671,0.129397996,0.161774143
22/03/1996,21.3,6.23,19.665,43.07,0,11.2,2.4,0.8,,0.170624943,0.152780091,0.13807722,0.170882931
23/03/1996,20.3,6.583,18.906,46.38,0,0.8,3.2,0,,0.166954208,0.156343858,0.136445431,0.176841447
24/03/1996,22.4,6.125,22.591,49.81,0,0,3.2,0,,0.174662751,0.151720047,0.144367883,0.183015981
25/03/1996,19.9,5.371,18.738,46.05,0,0,0,0.8,,0.165485914,0.144107923,0.136084245,0.176247395
26/03/1996,16.9,5.032,15.786,38.93,0,1.6,0,0.8,,0.154473708,0.140685495,0.129737683,0.163430287
27/03/1996,15.2,4.638,13.662,34.02,0,0,0,0,,0.148233459,0.136707806,0.125171255,0.154591522
28/03/1996,13.8,4.326,12.04,30.28,0,0,0,0,,0.14309443,0.133557962,0.121684085,0.14785894
29/03/1996,13,3.928,11.043,27.85,0,0,0,0,,0.140157842,0.12953989,0.119540616,0.143484561
30/03/1996,11.8,3.636,10.047,25.08,0,0,0,0,,0.13575296,0.126591959,0.117399296,0.13849813
31/03/1996,11,4.161,9.355,23.31,0,1.6,0,0,,0.132816371,0.131892178,0.115911552,0.135311854
01/04/1996,10.4,4.191,8.702,23.26,0,0,0,8.8,,0.13061393,0.132195048,0.114507655,0.135221847
02/04/1996,9.72,3.309,8.127,20.73,0,0,0,0.8,,0.128117831,0.123290679,0.113271451,0.130667453
03/04/1996,9.2,3.117,7.731,19.42,0,4,4,0,,0.126209048,0.121352313,0.112420083,0.128309249
04/04/1996,8.9,3.009,7.336,18.4,0,0,0,0,,0.125107828,0.120261982,0.111570865,0.12647309
05/04/1996,8.75,2.772,7.173,17.77,0,0,0,0,,0.124557218,0.117869312,0.111220429,0.125338992
06/04/1996,8.58,2.71,7.078,17.29,0,0,0,0,,0.123933193,0.117243381,0.111016186,0.124474917
07/04/1996,8.48,2.669,6.947,16.94,0,0,0,0,,0.123566119,0.116829459,0.110734547,0.123844863
08/04/1996,8.25,2.619,6.927,16.52,0,0,1.6,8,,0.12272185,0.116324676,0.110691548,0.123088797
09/04/1996,8.5,2.588,7.026,16.33,0,0,0,0,,0.123639534,0.116011711,0.11090439,0.122746768
10/04/1996,9.14,2.681,7.667,17.87,9.6,5.6,9.6,4,,0.125988804,0.116950607,0.112282489,0.125519007
11/04/1996,8.41,2.635,7.396,17.41,2.4,0,0,0,,0.123309168,0.116486207,0.111699861,0.124690936
12/04/1996,8.15,2.727,7.338,16.91,3.2,0,2.4,0.8,,0.122354777,0.117415007,0.111575165,0.123790858
13/04/1996,7.89,2.618,7.042,16.41,0,0,3.2,2.4,,0.121400385,0.116314581,0.110938789,0.12289078
14/04/1996,7.38,2.498,6.706,15.39,3.2,0,6.4,1.6,,0.119528311,0.115103102,0.110216416,0.121054621
15/04/1996,7.23,2.514,6.622,14.82,0,0,1.6,0.8,,0.1189777,0.115264632,0.110035823,0.120028532
16/04/1996,7.36,2.499,6.62,14.87,0.8,1.6,30.4,15.2,,0.119454896,0.115113198,0.110031523,0.12011854
17/04/1996,7.44,2.555,6.871,14.88,2.4,0.8,12,4,,0.119748555,0.115678554,0.110571153,0.120136542
19/04/1996,12.4,3.365,20.909,34.25,0,0.8,0.8,0,,0.137955401,0.123856036,0.140751719,0.155005558
20/04/1996,8.99,2.797,11.716,24.36,0.8,2.4,3.2,0,,0.125438194,0.118121703,0.120987512,0.137202018
21/04/1996,7.74,2.714,9.422,18.61,0,0,0.8,0.8,,0.120849775,0.117283764,0.116055597,0.126851123
22/04/1996,7.26,2.867,8.313,17.85,0.8,0,0,0,,0.119087822,0.118828399,0.113671336,0.125483004
23/04/1996,13.4,5.597,25,29.55,0,42.4,72.8,48,,0.141626136,0.146389541,0.149547039,0.146544826
24/04/1996,18.9,4.12,30.626,50.88,0,0,80,10.4,,0.161815178,0.131478256,0.161642485,0.184942147
25/04/1996,16.7,3.651,26.72,48.77,0,23.2,13.6,1.6,,0.153739561,0.126743394,0.1532449,0.181143819
26/04/1996,13.4,3.142,16.2,35.72,0,0.8,16,0,,0.141626136,0.121604705,0.13062775,0.157651787
27/04/1996,10.7,2.803,13.66,26.47,0,0,12,0,,0.131715151,0.118182277,0.125166955,0.141000347
28/04/1996,9.81,2.631,11.89,23.78,0,5.6,19.2,0,,0.128448197,0.116445824,0.121361598,0.136157928
29/04/1996,8.59,2.754,9.709,19.78,0,0.8,29.6,0,,0.1239699,0.11768759,0.116672624,0.128957305
30/04/1996,8.58,4.002,11.34,20.01,0,36.8,27.2,0,,0.123933193,0.130286969,0.120179142,0.129371341
01/05/1996,14.2,9.681,35.408,36.92,0,15.2,38.4,16,,0.144562724,0.187620201,0.171923398,0.159811974
02/05/1996,47.6,33.618,55.277,118,0,20.8,0.8,4,,0.267165275,0.429279927,0.214640144,0.305768599
03/05/1996,26.1,16.146,24.122,79.52,0,0,8,0,,0.188244471,0.25288862,0.14765941,0.236498607
04/05/1996,14.8,8.355,15.955,42.63,0,0,0,0,,0.146765165,0.174233361,0.130101019,0.170090863
05/05/1996,11.7,6.172,12.673,30.78,0,0,0,0,,0.135385886,0.152194543,0.123044984,0.148759018
06/05/1996,10.1,5.05,10.639,25.43,0,11.2,3.2,0,,0.12951271,0.140867217,0.118672049,0.139128185
07/05/1996,9.06,4.343,9.415,22.11,0,0,0,0,,0.125695145,0.133729588,0.116040547,0.133151668
08/05/1996,8.34,3.847,8.366,19.42,0,4,0,0,,0.123052216,0.128722142,0.113785282,0.128309249
09/05/1996,7.82,3.549,7.663,17.46,0.8,0,0,0.8,,0.121143434,0.125713637,0.112273889,0.124780944
10/05/1996,7.43,3.403,7.293,16.54,14.4,21.6,3.2,2.4,,0.119711847,0.124239671,0.111478419,0.1231248
11/05/1996,7.91,3.507,7.83,16.78,11.2,10.4,1.6,4.8,,0.1214738,0.125289619,0.112632925,0.123556838
12/05/1996,8.84,3.43,8.566,18.09,8.8,8,0.8,0.8,,0.124887584,0.124512254,0.114215266,0.125915042
13/05/1996,9.84,3.277,8.3,19.11,0,0,0,0.8,,0.128558319,0.122967618,0.113643388,0.1277512
14/05/1996,8.51,2.973,7.25,17.79,0,0,0,0,,0.123676241,0.119898539,0.111385972,0.125374995
15/05/1996,7.48,2.827,6.653,15.21,0,0,0,0,,0.119895384,0.118424573,0.110102471,0.120730593
16/05/1996,6.96,2.641,6.308,14.01,0,0.8,0,0,,0.117986602,0.116546781,0.109360748,0.118570406
17/05/1996,6.72,2.623,6.119,13.28,2.4,2.4,0.8,0,,0.117105625,0.116365059,0.108954414,0.117256293
18/05/1996,6.65,2.558,5.984,13.03,0,0,0,0,,0.116848674,0.115708841,0.108664175,0.116806254
19/05/1996,6.82,2.777,5.984,13.34,8.8,24,22.4,4.8,,0.117472699,0.11791979,0.108664175,0.117364302
20/05/1996,6.79,2.612,6.807,13.4,15.2,0,42.4,5.6,,0.117362577,0.116254007,0.110433558,0.117472311
21/05/1996,8.38,2.541,10.011,17.43,0,0,0.8,0,,0.123199046,0.115537215,0.117321899,0.124726939
22/05/1996,7.6,2.846,8.955,16.83,11.2,8.8,52,7.2,,0.120335872,0.11861639,0.115051585,0.123646845
23/05/1996,11.2,4.409,18.437,27.83,3.2,2.4,7.2,1.6,,0.133550518,0.134395901,0.135437119,0.143448558
24/05/1996,10.5,4.578,13.569,28.7,1.6,4,4.8,3.2,,0.130981004,0.136102067,0.124971312,0.145014694
25/05/1996,8.59,3.697,10.616,22.7,0,0,11.2,0,,0.1239699,0.127207794,0.1186226,0.134213759
26/05/1996,7.29,3.195,8.623,17.83,18.4,8,64.8,24.8,,0.119197944,0.122139774,0.114337811,0.125447001
27/05/1996,10.8,3.925,16.267,22.79,5.6,7.2,41.2,5.6,,0.132082224,0.129509603,0.130771794,0.134375774
28/05/1996,11.1,3.549,12.577,28.93,6.4,0,197.2,13.6,,0.133183445,0.125713637,0.122838592,0.14542873
29/05/1996,9.59,3.417,24.597,29.35,0,0,0,6.4,,0.127640635,0.12438101,0.148680621,0.146184795
30/05/1996,10.7,4.221,22.154,34.53,15.2,9.6,12.8,4.8,,0.131715151,0.132497918,0.143428369,0.155509602
31/05/1996,12.6,4.017,17.429,33.95,0.8,0.8,4,0,,0.138689548,0.130438404,0.13327,0.154465511
01/06/1996,8.53,3.029,10.603,22.37,0.8,0,0.8,0.8,,0.123749656,0.120463895,0.118594652,0.133619708
02/06/1996,7.66,2.626,8.536,17.71,0,4.8,158.8,0,,0.120556116,0.116395346,0.114150768,0.125230982
03/06/1996,6.84,2.465,7.379,15.35,3.2,2.4,33.6,0,,0.117546114,0.114769945,0.111663312,0.120982615
04/06/1996,6.21,2.343,6.75,13.49,0,4,4,0,,0.115233551,0.113538275,0.110311013,0.117634325
05/06/1996,6.16,2.244,6.375,12.65,0,0,0,0,,0.115050014,0.112538805,0.109504793,0.116122195
06/06/1996,5.7,2.157,5.668,10.77,3.2,0,0.8,0,,0.113361476,0.111660483,0.1079848,0.112737902
07/06/1996,6.04,2.47,5.907,11.59,4,21.6,8.8,0,,0.114609526,0.114820424,0.108498631,0.11421403
08/06/1996,6.9,5.387,5.884,16.58,0.8,15.2,0.8,0,,0.117766358,0.144269453,0.108449183,0.123196807
09/06/1996,5.42,2.791,4.952,12.38,0.8,0,0,0,,0.11233367,0.118061129,0.106445458,0.115636153
10/06/1996,5.1,2.38,4.64,10.47,1.6,3.2,7.2,0,,0.111159035,0.113911814,0.105774683,0.112197855
11/06/1996,5.02,2.843,4.638,10.41,4,12.8,44,8,,0.110865376,0.118586103,0.105770383,0.112089846
12/06/1996,4.91,2.915,6.525,11.46,0,0,0,0,,0.110461595,0.119312991,0.109827281,0.113980009
13/06/1996,4.76,2.312,6.609,12.42,0,0,0,11.2,,0.109910985,0.11322531,0.110007874,0.115708159
14/06/1996,4.49,2.105,5.199,10.31,0,0,0,0,,0.108919886,0.111135509,0.106976488,0.11190983
15/06/1996,4.3,1.989,4.518,8.883,0,0,0,0,,0.108222447,0.109964413,0.105512393,0.109341008
16/06/1996,4.12,1.94,4.078,8.469,0,0,0,0,,0.107561714,0.109469726,0.104566428,0.108595744
17/06/1996,4.03,1.922,3.889,7.692,0,0,0,0,,0.107231348,0.109288004,0.104160094,0.107197023
18/06/1996,3.91,1.821,3.844,8.196,0,0,0,0,,0.10679086,0.108268343,0.104063347,0.108104301
19/06/1996,3.89,1.806,3.752,8.271,0,0,4,0,,0.106717445,0.108116908,0.103865555,0.108239313
20/06/1996,3.89,1.803,3.627,7.797,0,0,0,0,,0.106717445,0.108086621,0.103596815,0.107386039
21/06/1996,3.86,1.788,3.565,7.308,0,0,0,0,,0.106607323,0.107935186,0.10346352,0.106505763
22/06/1996,3.79,1.783,3.517,7.858,0,0,0,0,,0.106350372,0.107884708,0.103360324,0.107495848
23/06/1996,3.72,1.737,3.442,8.03,0,0,0,0,,0.10609342,0.107420307,0.10319908,0.107805475
24/06/1996,3.56,1.738,3.396,7.592,0,0,0,0,,0.105506103,0.107430403,0.103100184,0.107017007
25/06/1996,3.4,1.697,3.319,7.2,0,0,0,0,,0.104918785,0.107016481,0.10293464,0.106311346
26/06/1996,3.53,1.781,3.364,7.301,11.2,0,14.4,0.8,,0.105395981,0.107864516,0.103031386,0.106493162
27/06/1996,3.57,1.835,3.385,7.64,0,0,0,0,,0.10554281,0.108409682,0.103076534,0.107103414
28/06/1996,4.02,2.642,3.821,8.891,7.2,32.8,38.4,0,,0.107194641,0.116556876,0.104013899,0.109355409
29/06/1996,3.95,2.146,3.571,9.096,0.8,0,13.6,0,,0.106937689,0.111549431,0.103476419,0.109724441
30/06/1996,3.59,1.792,3.537,8.009,8,0.8,42.4,0.8,,0.105616225,0.107975569,0.103403322,0.107767672
01/07/1996,4.24,1.81,3.618,8.112,14.4,23.2,43.2,0.8,,0.108002202,0.10815729,0.103577466,0.107953088
02/07/1996,4.27,1.959,3.605,8.743,4,2.4,0,0,,0.108112324,0.109661543,0.103549517,0.109088986
03/07/1996,4.38,2.544,8.729,9.743,32,33.6,92,0,,0.108516105,0.115567502,0.114565703,0.110889142
04/07/1996,7.81,3.651,23.383,25.6,17.6,8.4,33.6,0,,0.121106727,0.126743394,0.146070619,0.139434211
05/07/1996,12.3,3.048,16.628,34.37,0,0,0,0,,0.137588327,0.120655713,0.131547915,0.155221577
06/07/1996,6.68,2.123,8.098,19.06,0,0,0.8,0,,0.116958796,0.111317231,0.113209104,0.127661193
07/07/1996,5.18,1.926,6.111,12.78,16,10.4,9.6,0,,0.111452693,0.109328386,0.108937214,0.116356215
08/07/1996,5.2,2.001,5.034,11.23,0,0,0,0,,0.111526108,0.110085561,0.106621751,0.113565973
09/07/1996,4.57,1.836,4.432,9.98,0,1.6,4,26,,0.109213545,0.108419777,0.1053275,0.111315779
10/07/1996,4.06,1.758,3.894,8.654,0,0,0,0,,0.10734147,0.107632316,0.104170843,0.108928772
11/07/1996,3.77,1.71,3.901,7.911,0.8,8,23.2,0,,0.106276957,0.107147725,0.104185893,0.107591257
12/07/1996,3.65,1.736,3.689,7.658,0.8,4.8,16.8,0,,0.105836469,0.107410212,0.10373011,0.107135817
13/07/1996,3.51,1.648,3.558,7.172,0,0,50.4,0,,0.105322566,0.106521794,0.10344847,0.106260942
14/07/1996,3.38,1.605,3.589,6.912,0,0,0,0,,0.10484537,0.106087681,0.103515118,0.105792901
15/07/1996,3.18,1.549,3.584,7.047,0,0,0,0,,0.104111223,0.105522324,0.103504368,0.106035922
16/07/1996,3.04,1.507,3.425,6.94,0,0,0,0,,0.10359732,0.105098306,0.103162531,0.105843305
17/07/1996,3,1.493,3.229,6.478,0,0,0,0,,0.103450491,0.104956967,0.102741147,0.105011634
18/07/1996,2.91,1.484,3.12,6.009,0,0,0,0,,0.103120125,0.104866106,0.102506806,0.10416736
19/07/1996,2.84,1.464,2.997,5.982,0,0,0,0,,0.102863173,0.104664193,0.102242366,0.104118756
20/07/1996,2.68,1.478,2.85,5.672,0,0,0,0,,0.102275856,0.104805532,0.101926328,0.103560708
21/07/1996,2.58,1.43,2.724,5.357,0,0,0,0,,0.101908782,0.104320941,0.101655438,0.102993659
22/07/1996,2.5,1.426,2.712,5.322,0,0,0,0,,0.101615123,0.104280558,0.101629639,0.102930654
23/07/1996,2.59,1.423,3.125,5.333,3.2,33.6,0,0,,0.10194549,0.104250271,0.102517555,0.102950455
24/07/1996,3.95,1.58,3.16,6.615,6.4,1.6,6.4,0,,0.106937689,0.105835289,0.102592803,0.105258255
25/07/1996,3.28,1.473,2.838,6.829,0,0,0,0,,0.104478297,0.104755054,0.101900529,0.105643488
26/07/1996,3,1.412,2.659,5.903,0,0,5.6,0,,0.103450491,0.104139219,0.101515693,0.103976544
27/07/1996,2.82,1.413,2.559,5.732,0,0,0,0,,0.102789759,0.104149315,0.101300701,0.103668717
28/07/1996,2.84,1.436,2.684,5.714,4,7.2,16.8,0,,0.102863173,0.104381515,0.101569441,0.103636315
29/07/1996,3.04,2.274,2.986,6.648,10.4,18.4,62.8,0,,0.10359732,0.112841675,0.102218717,0.10531766
30/07/1996,3.13,3.003,7.37,11.01,0.8,0,12,0,,0.103927687,0.120201408,0.111643963,0.113169939
31/07/1996,3.47,1.945,5.133,9.931,0,0,0.8,0,,0.105175736,0.109520204,0.106834593,0.111227571
01/08/1996,3.18,1.664,5.001,9.123,0,0,0,0,,0.104111223,0.106683324,0.106550804,0.109773045
02/08/1996,3.05,1.522,3.829,7.617,0,0,0,0,,0.103634028,0.105249741,0.104031099,0.107062011
03/08/1996,2.8,1.459,3.557,6.872,0,0,0,0,,0.102716344,0.104613715,0.103446321,0.105720895
04/08/1996,2.7,1.449,3.316,6.422,0,0,0,0,,0.10234927,0.104512758,0.10292819,0.104910825
05/08/1996,2.65,1.452,3.182,5.958,0,0,0,0,,0.102165734,0.104543045,0.102640101,0.104075553
06/08/1996,3.01,1.644,3.359,6.738,4.8,28,24,4,,0.103487198,0.106481411,0.103020637,0.105479674
07/08/1996,3.29,2.29,3.505,7.952,1.6,10,26.4,0,,0.104515004,0.113003205,0.103334525,0.107665063
08/08/1996,3.21,1.795,3.234,7.691,0.8,0,18.4,0,,0.104221345,0.108005855,0.102751897,0.107195222
09/08/1996,3.21,1.628,3.29,7.371,0,5.2,0,0,,0.104221345,0.106319881,0.102872292,0.106619173
10/08/1996,3.46,1.845,3.593,7.712,32.8,14.8,59.6,0,,0.105139029,0.108510638,0.103523718,0.107233026
11/08/1996,5.07,2.174,9.281,13.39,3.2,14.4,0.8,0,,0.111048913,0.111832109,0.115752458,0.11745431
12/08/1996,4.9,1.732,5.706,12.9,0.8,0,2.4,0,,0.110424888,0.107369829,0.108066497,0.116572233
13/08/1996,3.9,1.558,4.176,9.586,0,0,0,0,,0.106754153,0.105613185,0.104777121,0.110606517
14/08/1996,3.39,1.503,3.637,7.949,0,0,0,0,,0.104882078,0.105057924,0.103618314,0.107659663
15/08/1996,3.1,1.468,3.429,7.109,0,0,0,0,,0.103817564,0.104704576,0.103171131,0.106147532
16/08/1996,2.92,1.457,3.123,6.453,0,0,0,0,,0.103156832,0.104593524,0.102513256,0.10496663
17/08/1996,2.78,1.423,2.947,6.105,0,0,0,0,,0.102642929,0.104250271,0.10213487,0.104340175
18/08/1996,2.68,1.4,2.788,5.531,0,0,0,0,,0.102275856,0.104018071,0.101793033,0.103306886
19/08/1996,2.6,1.386,2.659,5.647,0,0,0,0,,0.101982197,0.103876732,0.101515693,0.103515704
20/08/1996,2.53,1.458,2.599,5.224,2.4,3.2,16,0,,0.101725245,0.104603619,0.101386698,0.102754238
21/08/1996,2.56,1.72,2.551,5.266,0.8,2.4,10.4,0,,0.101835368,0.107248681,0.101283502,0.102829845
22/08/1996,3.13,1.555,2.794,5.648,21.6,31.2,54.4,0,,0.103927687,0.105582898,0.101805932,0.103517504
23/08/1996,3.37,3.543,3.186,8.521,13.6,19.2,24.4,0,,0.104808663,0.125653063,0.102648701,0.108689352
24/08/1996,4.06,3.492,4.404,10.66,2.4,34.4,80.8,0,,0.10734147,0.125138184,0.105267302,0.112539885
25/08/1996,4.42,2.717,10.481,14.88,4,5.6,16,0,,0.108662935,0.117314051,0.118332361,0.120136542
26/08/1996,4.53,2.242,11.785,15.74,3.2,30.4,72.8,0,,0.109066716,0.112518614,0.121135856,0.121684676
27/08/1996,13.9,10.682,29.987,41.07,16.8,17.6,18.8,0,,0.143461503,0.197725953,0.160268686,0.16728262
28/08/1996,14.7,4.387,18.813,40.86,28,8.8,16.8,0,,0.146398091,0.134173797,0.136245489,0.166904587
29/08/1996,13,3.64,15.604,33.38,0,0,0,0,,0.140157842,0.126632341,0.129346398,0.153439423
30/08/1996,7.9,2.411,8.46,20.9,0,0,0,0,,0.121437093,0.11422478,0.113987375,0.130973479
31/08/1996,5.84,2.049,6.174,14.13,0,0,0,0,,0.113875379,0.110570152,0.109072659,0.118786425
01/09/1996,4.89,1.873,5.062,11.17,2.4,8.8,4.8,0,,0.11038818,0.108793317,0.106681949,0.113457964
02/09/1996,4.67,1.902,4.524,10.04,9.6,12.8,5.6,0,,0.109580619,0.109086091,0.105525292,0.111423788
03/09/1996,4.63,1.983,4.1,10,0,0,0.8,0.8,,0.109433789,0.109903839,0.104613727,0.111351782
04/09/1996,4.37,2.007,3.96,9.021,2.4,7.2,14,0,,0.108479398,0.110146135,0.104312738,0.109589429
05/09/1996,4.08,1.89,3.932,8.54,0,0,0,0,,0.107414885,0.108964943,0.10425254,0.108723555
06/09/1996,3.71,1.754,3.645,8.07,0,0,0,0,,0.106056713,0.107591934,0.103635513,0.107877481
07/09/1996,3.51,1.713,3.58,7.754,0,0,0,0,,0.105322566,0.107178012,0.103495769,0.107308632
08/09/1996,3.36,1.676,3.401,7.491,0,0,0,0,,0.104771956,0.106804472,0.103110933,0.106835191
09/09/1996,3.24,1.66,3.228,7.281,0,0,0,0,,0.104331467,0.106642942,0.102738997,0.106457159
10/09/1996,3.16,1.652,3.16,7.106,0,0,0,0,,0.104037809,0.106562177,0.102592803,0.106142131
11/09/1996,3.1,1.633,3.238,7.065,0.8,2.4,4.8,1.6,,0.103817564,0.106370359,0.102760496,0.106068325
12/09/1996,3.01,1.606,3.008,6.878,0,0,0,0,,0.103487198,0.106097776,0.102266015,0.105731696
13/09/1996,2.87,1.55,2.88,6.452,0,0,0,0,,0.102973295,0.10553242,0.101990825,0.104964829
14/09/1996,2.8,1.536,2.864,6.339,0,0,0,0,,0.102716344,0.10539108,0.101956427,0.104761412
15/09/1996,2.75,1.541,2.812,6.254,0,0,0,0,,0.102532807,0.105441559,0.101844631,0.104608399
16/09/1996,2.69,1.522,2.735,6.127,0,0,0,0,,0.102312563,0.105249741,0.101679087,0.104379779
17/09/1996,2.62,1.504,2.699,6.02,0,0,0,0,,0.102055612,0.105068019,0.10160169,0.104187162
18/09/1996,2.61,1.49,2.641,6.131,3.2,5.6,0,0,,0.102018904,0.10492668,0.101476995,0.104386979
19/09/1996,2.6,1.488,2.658,5.944,0.8,2.4,0.8,8,,0.101982197,0.104906489,0.101513543,0.10405035
20/09/1996,2.66,1.547,2.673,5.902,3.2,3.2,13.6,7.2,,0.102202441,0.105502133,0.101545792,0.103974744
21/09/1996,2.67,1.571,2.631,5.961,0.8,0,0,0,,0.102239148,0.105744428,0.101455495,0.104080953
22/09/1996,2.63,1.531,2.685,5.918,0,0,0,0,,0.102092319,0.105340602,0.101571591,0.104003546
23/09/1996,2.6,1.539,2.696,5.828,0,0,0,0,,0.101982197,0.105421367,0.10159524,0.103841532
24/09/1996,2.57,1.505,2.692,5.828,0.8,3.2,8.8,4,,0.101872075,0.105078115,0.10158664,0.103841532
25/09/1996,2.65,1.543,2.63,5.945,0.8,3.2,5.6,6.4,,0.102165734,0.10546175,0.101453345,0.104052151
26/09/1996,2.74,1.534,2.682,5.983,8.8,8,41.6,32.8,,0.1024961,0.105370889,0.101565141,0.104120556
27/09/1996,2.78,1.649,2.669,5.956,1.6,0,14.4,1.6,,0.102642929,0.10653189,0.101537192,0.104071952
28/09/1996,2.93,1.579,4.151,6.779,20,8,50.4,54.4,,0.10319354,0.105825194,0.104723373,0.10555348
29/09/1996,20.5,2.676,65.227,51.87,30.4,9.6,96,74.4,,0.167688355,0.116900129,0.23603184,0.186724302
30/09/1996,21.1,2.832,35.481,71.44,0,1.6,4.8,0.8,,0.169890796,0.118475051,0.172080342,0.221953349
01/10/1996,9.08,2.019,14.85,32,4,0.8,7.2,0.8,,0.12576856,0.110267283,0.127725359,0.150955208
02/10/1996,6.19,1.773,9.211,18.31,0,0,1.6,0.8,,0.115160136,0.107783751,0.115601964,0.126311076
03/10/1996,4.82,1.694,12.559,13.85,19.2,5.6,32,52,,0.110131229,0.106986194,0.122799894,0.118282381
04/10/1996,13.1,2.081,31.049,37.8,10.4,4.8,25.6,16.8,,0.140524915,0.110893213,0.1625519,0.161396111
05/10/1996,11.8,2.982,19.642,36.52,0.8,0,0,0,,0.13575296,0.1199894,0.138027772,0.159091911
06/10/1996,7.35,2.104,10.935,22.54,3.2,8,2.4,1.6,,0.119418188,0.111125413,0.119308425,0.133925735
07/10/1996,5.74,1.956,8.369,16.22,0,0,3.2,1.6,,0.113508305,0.109631256,0.113791732,0.12254875
08/10/1996,5.08,1.933,7.221,13.6,1.6,9.6,9.6,2.4,,0.11108562,0.109399056,0.111323625,0.117832342
09/10/1996,4.73,1.939,6.513,12.07,0,0,6.4,0,,0.109800863,0.10945963,0.109801482,0.115078104
10/10/1996,4.31,1.795,5.724,11.03,0,0,0,0,,0.108259154,0.108005855,0.108105196,0.113205942
11/10/1996,3.92,1.713,5.062,9.606,0,0,0,0,,0.106827567,0.107178012,0.106681949,0.110642521
12/10/1996,3.7,1.668,4.62,8.741,0,4,0.8,5.6,,0.106020006,0.106723707,0.105731685,0.109085386
13/10/1996,3.5,1.661,4.364,8.164,0,0,0,0,,0.105285858,0.106653038,0.105181305,0.108046696
14/10/1996,3.43,1.638,4.264,7.69,2.4,0.8,6.4,6.4,,0.105028907,0.106420837,0.104966313,0.107193422
15/10/1996,3.49,1.812,4.412,7.715,10.4,18.8,20,18.4,,0.105249151,0.108177482,0.105284502,0.107238426
16/10/1996,4.88,1.969,8.534,11.21,4.8,0.8,8.8,17.6,,0.110351473,0.1097625,0.114146469,0.11352997
17/10/1996,8.33,1.838,11.855,17.71,0,0,0.8,0,,0.123015509,0.108439969,0.12128635,0.125230982
18/10/1996,6.37,2.697,9.901,16.85,15.2,10.4,44,28,,0.115820868,0.117112138,0.117085408,0.123682849
19/10/1996,9.13,2.824,17.65,23.62,1.6,6.4,3.2,4,,0.125952097,0.118394286,0.133745132,0.135869903
20/10/1996,7.82,2.82,15.329,22.18,10.4,12.8,54.4,32.8,,0.121143434,0.118353903,0.12875517,0.133277679
21/10/1996,9.79,4.987,28.486,37.14,0,0,0,0,,0.128374782,0.140231191,0.157041657,0.160208008
22/10/1996,7.76,2.729,12.977,25.09,0,0,2.4,0.8,,0.12092319,0.117435199,0.12369856,0.138516132
23/10/1996,5.8,2.262,9.317,16.65,0,0,0,0,,0.113728549,0.112720527,0.115829855,0.123322817
24/10/1996,5.14,2.087,7.56,12.93,10.4,33.2,16,8,,0.111305864,0.110953787,0.112052447,0.116626238
25/10/1996,5.28,2.873,8.121,12.55,5.6,3.2,8,11.2,,0.111819767,0.118888973,0.113258552,0.115942179
26/10/1996,18.3,4.098,40.411,34.69,25.6,9.6,41.6,37.6,,0.159612737,0.131256152,0.182679444,0.155797626
27/10/1996,40.1,4.699,56.899,80.15,20.8,12.8,44.8,36,,0.239634762,0.137323642,0.218127313,0.237632705
28/10/1996,32.8,4.519,41.524,77.41,16.8,8,49.6,28.8,,0.212838396,0.135506423,0.185072304,0.232700279
29/10/1996,29.2,4.715,34.34,67.79,0,6.4,0.8,3.2,,0.19962375,0.137485172,0.169627285,0.215382781
30/10/1996,12.7,3.52,16.823,38.05,0,0,1.6,0,,0.139056621,0.125420863,0.131967149,0.16184615
31/10/1996,9.03,3.366,18.124,24.68,5.6,0.8,37.6,31.2,,0.125585023,0.123866132,0.134764194,0.137778068
01/11/1996,14.2,4.067,25.078,39.27,8.8,0,3.2,4,,0.144562724,0.130943187,0.149714733,0.16404234
02/11/1996,19.3,3.474,26.473,37.38,6.4,0,8,8,,0.163283473,0.124956462,0.15271387,0.160640045
03/11/1996,17.8,3.235,23.3,42.33,8,0.8,24,13.6,,0.15777737,0.122543601,0.145892176,0.169550816
04/11/1996,23.5,4.901,36.965,49.2,33.6,16,89.2,62.4,,0.17870056,0.139362964,0.175270823,0.181917886
05/11/1996,35.8,13.911,61.838,91.77,35.2,19.2,84,88.8,,0.223850601,0.230324828,0.228745764,0.258550515
06/11/1996,69.5,23.755,111.075,154.4,23.2,23.2,32.8,17.6,,0.347554373,0.329706469,0.334601338,0.371294267
07/11/1996,45.7,18.248,43.975,117.6,0,0,0.8,0,,0.260190878,0.274109689,0.190341757,0.305048537
08/11/1996,17.5,9.113,25.22,59.85,13.6,4,30.4,9.6,,0.156676149,0.181885869,0.150020021,0.201089544
09/11/1996,15.8,8.606,25.372,46.17,7.2,2.4,30.4,1.6,,0.1504359,0.176767371,0.150346809,0.176463414
10/11/1996,13.3,7.022,18.681,39.79,0,0,1.6,0,,0.141259062,0.160775851,0.135961699,0.164978421
11/11/1996,11,6.059,14.668,31.34,56.8,26.4,32,9.6,,0.132816371,0.151053734,0.127334073,0.149767105
12/11/1996,59.9,10.404,53.074,78.98,22.4,23.2,29.6,9.6,,0.312315316,0.194919361,0.209903872,0.235526523
13/11/1996,31,13.899,25.336,81.29,0,0,0,0,,0.206231073,0.23020368,0.150269412,0.239684883
14/11/1996,14.9,12.495,17.109,45.83,0.8,4,7.2,2.4,,0.147132238,0.216029378,0.132582026,0.175851361
15/11/1996,12.3,10.223,14.12,36.09,0,0,0,0.8,,0.137588327,0.193092047,0.126155918,0.158317844
16/11/1996,10.5,6.645,12.06,27.91,1.6,6.4,9.6,6.4,,0.130981004,0.156969789,0.121727084,0.143592571
17/11/1996,10.2,6.477,14.732,26.47,15.2,13.6,16,12,,0.129879783,0.155273718,0.127471668,0.141000347
18/11/1996,12.9,4.464,16.044,31.63,0,0,0,0,,0.139790768,0.134951162,0.130292362,0.15028915
19/11/1996,10,3.751,11.601,24.98,8,32,26.4,0,,0.129145636,0.127752959,0.120740271,0.138318115
20/11/1996,12.9,10.157,14.254,29.56,32.8,36,20.8,0,,0.139790768,0.192425734,0.126444007,0.146562828
21/11/1996,12,6.552,13.046,32.17,5.6,6.4,0.8,3.2,,0.136487107,0.156030893,0.123846904,0.151261234
22/11/1996,10.7,6.438,13.007,26.12,23.6,14,32.8,12.8,,0.131715151,0.154879988,0.123763057,0.140370292
23/11/1996,10.9,6.635,14.242,30.39,0.8,0,9.6,0.8,,0.132449298,0.156868832,0.126418208,0.148056957
24/11/1996,9.68,5.189,11.872,26,9.6,26.4,44,20,,0.127971001,0.142270513,0.121322899,0.140154273
25/11/1996,12,13.428,37.127,37.26,23.2,8,16.4,8,,0.136487107,0.225448626,0.17561911,0.160424027
26/11/1996,41.4,26.014,46.587,100.2,0,14.4,17.6,0,,0.244406717,0.352512556,0.195957346,0.273725827
27/11/1996,20.7,14.866,23.632,67.15,0,0,172.8,0,,0.168422502,0.23996618,0.146605949,0.214230681
28/11/1996,14.2,6.06,16.733,38.86,0.8,5.6,137.2,21.6,,0.144562724,0.15106383,0.131773657,0.163304276
29/11/1996,14,15.096,38.259,48.78,8,2.4,69.6,20.8,,0.143828577,0.242288181,0.178052818,0.18116182
30/11/1996,27.7,14.626,46.76,73.56,1.6,0,19.2,5.6,,0.194117647,0.237543222,0.196329282,0.225769679
01/12/1996,44.6,11.867,46.032,82.03,28.8,15.2,32.4,11.2,,0.25615307,0.209689306,0.19476414,0.241016998
02/12/1996,59,12.96,45.474,105.5,5.6,0.8,152.8,34.4,,0.309011655,0.220723859,0.193564485,0.283266653
03/12/1996,27.9,23.289,60.587,88.79,38.4,54.4,144.4,52,,0.194851794,0.325001893,0.226056215,0.253186051
04/12/1996,56,25.597,66.234,134.8,26.4,0.8,75.2,16,,0.297999449,0.348302668,0.238196809,0.336011215
05/12/1996,35,18.114,40.496,99.48,2.4,0,0.8,0,,0.220914013,0.272756871,0.182862187,0.272429715
06/12/1996,19.6,13.466,25.387,63.44,0.8,0,78,0,,0.164384693,0.225832261,0.150379058,0.207552103
07/12/1996,14.9,9.028,18.862,44.59,0.8,0,1.6,0,,0.147132238,0.181027738,0.136350835,0.173619168
08/12/1996,14.4,8.244,16.734,37.22,0,0,3.2,0,,0.145296871,0.173112743,0.131775806,0.16035202
09/12/1996,24.2,7.267,20.364,48.03,0,0,18.4,0,,0.181270074,0.163249287,0.139580013,0.179811704
10/12/1996,17.1,5.188,15.661,39.46,0,0,0,0,,0.155207855,0.142260417,0.129468943,0.164384369
11/12/1996,13.4,4.874,13.089,31.23,0,0,30.4,0,,0.141626136,0.139090381,0.123939351,0.149569088
12/12/1996,12.1,4.665,11.688,27.67,4.8,5.6,0,0,,0.13685418,0.136980389,0.120927314,0.143160533
13/12/1996,11.2,4.46,10.585,25.2,0,8.8,0,0,,0.133550518,0.13491078,0.118555953,0.138714149
14/12/1996,9.94,4.239,9.455,22.72,0,0,9.6,4,,0.128925392,0.13267964,0.116126544,0.134249763
15/12/1996,10.9,4.195,10.272,21.94,7.2,0.8,21.6,8,,0.132449298,0.132235431,0.117883028,0.132845641
16/12/1996,12.7,4.065,12.377,27.14,6.4,2.4,17.6,3.2,,0.139056621,0.130922995,0.122408608,0.142206451
17/12/1996,12.3,4.004,12.46,28.11,1.6,0,14.4,3.2,,0.137588327,0.13030716,0.122587052,0.143952602
18/12/1996,11.3,5.387,13.225,26.62,24,42.4,40,20,,0.133917592,0.144269453,0.12423174,0.14127037
19/12/1996,76.1,51.522,99.631,143.4,64.8,74.4,55.2,63.2,,0.371781224,0.610032558,0.309997662,0.351492554
20/12/1996,90.5,67.316,68.354,220,12,0.8,23.2,12.8,,0.424639809,0.769483355,0.242754638,0.489384482
21/12/1996,40.1,35.455,36.266,139.9,0,0,0,0,,0.239634762,0.447825648,0.173768029,0.345192009
22/12/1996,21.7,20.256,24.552,80.7,0,0,0,0,,0.172093237,0.294381767,0.148583875,0.238622791
23/12/1996,17.2,15.527,19.237,58.84,6.4,0,0,1.6,,0.155574929,0.246639408,0.137157054,0.199271387
24/12/1996,14.9,11.158,16.356,46.48,0,0,0,0,,0.147132238,0.202531486,0.130963137,0.177021462
25/12/1996,13,8.684,14.206,39.75,0,3.2,0.8,1.6,,0.140157842,0.177554832,0.126340811,0.164906414
26/12/1996,11.7,6.075,12.671,33.06,0,0.8,0,0,,0.135385886,0.151215265,0.123040685,0.152863373
27/12/1996,10.9,5.721,11.558,29.52,1.6,14.4,8.8,3.2,,0.132449298,0.147641402,0.120647824,0.146490821
28/12/1996,11.1,5.486,11.411,28.67,11.2,11.2,4.8,4.8,,0.133183445,0.145268923,0.120331786,0.144960689
29/12/1996,12.1,5.329,11.781,29.31,3.2,4.8,0,0.8,,0.13685418,0.143683905,0.121127256,0.146112789
30/12/1996,15.8,6.177,14.255,34.28,12.8,6.4,5.6,4,,0.1504359,0.152245022,0.126446157,0.155059563
31/12/1996,16.8,5.829,13.549,39.42,4.8,9.6,6.4,0.8,,0.154106635,0.148731733,0.124928314,0.164312363