Crakehill,Skip Bridge,Westwick,,,,,
10.4,4.393,9.291,24.86,0.141715643,0.144896068,0.132270408,0.158347519
9.95,4.239,8.622,23.6,0.139464799,0.142857143,0.129327938,0.154874124
9.46,4.124,8.057,23.47,0.13701388,0.141334569,0.126842892,0.154515758
9.41,4.363,7.925,60.7,0.136763786,0.144498875,0.126262315,0.257146303
26.3,11.962,58.704,98.01,0.221245467,0.245107904,0.349604152,0.359997381
32.1,10.237,34.416,56.99,0.250256346,0.222269297,0.242777973,0.246919085
19.3,7.254,22.263,56.66,0.186232337,0.182775056,0.189325299,0.246009386
22,7.266,29.587,78.1,0.199737402,0.182933934,0.221538529,0.305112231
35.5,8.153,60.253,125.7,0.267262724,0.194677612,0.356417136,0.436329366
51,13.276,93.951,195.9,0.344791797,0.262504965,0.504631422,0.629847074
65.5,25.561,69.503,125.4,0.417318995,0.425155567,0.397101513,0.435502367
32,20.715,40.514,161.5,0.249756159,0.360995631,0.269598874,0.535017884
64.3,36.54,106.753,204,0.411316744,0.570515027,0.5609386,0.65217604
69.1,28.457,60.325,200.6,0.435325747,0.463497948,0.356733814,0.642803388
94.6,33.761,142.159,234.4,0.562873578,0.5337217,0.716665201,0.735978581
99,38.484,77.439,160.1,0.584881831,0.596253144,0.43200651,0.531158556
58.2,21.022,57.103,104.1,0.380805302,0.365060241,0.342562456,0.376785456
34.1,15.191,42.697,136.4,0.260260098,0.287859129,0.279200387,0.465825655
59.8,16.456,79.028,137.1,0.388808303,0.304607441,0.438995426,0.467755319
48,18.587,70.19,124.3,0.32978617,0.332821395,0.400123153,0.432470039
42.6,18.687,88.489,175.9,0.302776041,0.334145373,0.480607847,0.574713824
66.6,26.501,74.365,128.1,0.422821058,0.437600953,0.418486101,0.442945356
41.4,23.124,101.231,270.3,0.29677379,0.392890242,0.536651126,0.834942765
124,57.874,138.304,206.5,0.709928723,0.852972329,0.699709711,0.659067697
70,34.921,62.332,116.4,0.439827435,0.549079836,0.365561224,0.410692405
35.4,18.518,43.343,92.52,0.266762536,0.331907851,0.282041696,0.344863304
33.2,16.112,39.664,104.3,0.255758409,0.300052959,0.26586031,0.377336788
36.3,18.059,61.693,106,0.271264224,0.325830796,0.362750704,0.382023115
33.9,18.287,43.674,80.07,0.259259722,0.328849464,0.283497537,0.310542856
25.8,15.197,31.682,64.14,0.218744529,0.287938567,0.230752991,0.266629222
22.1,11.821,26.37,56.13,0.200237589,0.243241096,0.207389163,0.244548355
20.2,10.624,21.884,50.29,0.190734025,0.227393089,0.187658339,0.228449446
18.4,9.607,19.046,43.38,0.181730649,0.21392824,0.175175932,0.209400908
16.9,6.394,17.181,40.47,0.174227835,0.171388852,0.166973082,0.20137902
15.8,7.112,15.511,37.36,0.168725772,0.180895009,0.159627903,0.1928058
14.9,6.213,14.625,37.74,0.164224084,0.168992453,0.155730999,0.193853332
15.5,6.641,14.918,38.31,0.167225209,0.174659076,0.157019704,0.195424629
15.8,6.336,14.1,36.22,0.168725772,0.170620945,0.153421886,0.189663205
14.9,6.009,12.959,35.92,0.164224084,0.16629154,0.148403413,0.188836206
14.6,6.448,13.352,36.61,0.162723521,0.1721038,0.150131949,0.190738303
14.7,6.605,13.52,35.6,0.163223709,0.174182444,0.150870866,0.187954074
14.4,6.349,13.019,33.17,0.161723146,0.170793062,0.148667312,0.181255384
13.4,5.806,11.879,29.24,0.15672127,0.163603866,0.143653237,0.1704217
11.9,5.275,10.437,27.48,0.149218457,0.156573547,0.137310873,0.165569974
11.4,5.103,9.913,26.18,0.146717519,0.154296306,0.135006158,0.161986313
10.8,4.866,9.478,25.14,0.143716394,0.15115848,0.133092892,0.159119384
10.4,4.676,8.969,24.24,0.141715643,0.148642923,0.130854152,0.156638388
10.3,4.569,8.846,23.59,0.141215456,0.147226268,0.13031316,0.154846557
9.84,4.378,8.552,22.7,0.138914593,0.144697471,0.129020056,0.152393128
9.46,4.089,8.719,21.52,0.13701388,0.140871177,0.129754574,0.149140266
8.87,3.945,8.013,20.43,0.134062774,0.13896465,0.126649367,0.146135504
8.52,3.777,7.723,20.35,0.132312117,0.136740368,0.125373856,0.145914971
8.71,3.617,7.497,20.12,0.133262473,0.134622005,0.124379838,0.145280938
8.5,3.551,7.268,19.47,0.13221208,0.13374818,0.123372625,0.143489108
8.48,3.146,7.078,20.01,0.132112042,0.128386072,0.122536946,0.144977705
8.88,3.278,8.167,21.74,0.134112792,0.130133722,0.127326707,0.149746732
9.45,3.131,8.87,20.26,0.136963861,0.128187475,0.130418719,0.145666871
8.59,2.966,7.842,20.76,0.132662248,0.126002913,0.125897255,0.147045202
8.94,3.36,7.604,23.62,0.134412905,0.131219383,0.124850457,0.154929257
11.5,3.4,7.539,26.09,0.147217707,0.131748974,0.124564567,0.161738214
12.5,3.783,7.599,24.17,0.152219582,0.136819807,0.124828466,0.156445422
10.9,3.613,7.571,23.07,0.144216581,0.134569045,0.124705313,0.153413093
11.2,3.698,9.979,41.84,0.145717144,0.135694426,0.135296446,0.205155648
21.8,4.007,18.978,36.05,0.198737026,0.139785516,0.174876847,0.189194572
15.6,3.295,13.159,28.01,0.167725397,0.130358798,0.149283075,0.167031006
11.8,3.052,10.379,24.2,0.148718269,0.127141533,0.137055771,0.156528121
10.5,2.906,9.187,22,0.142215831,0.125208526,0.131812984,0.150463464
9.58,2.791,8.292,20.62,0.137614105,0.123685953,0.127876495,0.14665927
8.99,2.869,7.826,20.02,0.134662999,0.124718655,0.125826882,0.145005272
9.03,2.806,7.783,20.56,0.134863074,0.123884549,0.125637755,0.14649387
8.95,2.746,7.741,17.97,0.134462924,0.123090163,0.125453026,0.139354114
9.01,2.643,8.101,20.06,0.134763036,0.121726466,0.127036418,0.145115539
9.18,2.559,9.854,22.36,0.135613355,0.120614325,0.134746657,0.151455862
9.29,2.519,12.636,25.27,0.136163561,0.120084735,0.146982759,0.15947775
10.7,2.396,11.597,20.08,0.143216206,0.118456243,0.142412913,0.145170672
8.23,2.44,8.606,18.08,0.130861573,0.119038793,0.129257565,0.139657347
7.75,2.48,8.516,21.39,0.128460673,0.119568383,0.128861717,0.1487819
9.71,2.467,10.637,18.6,0.138264349,0.119396266,0.138190535,0.141090811
7.87,2.392,8.405,17.51,0.129060898,0.118403283,0.128373505,0.138086049
8.08,2.327,8.753,17.68,0.130111292,0.117542698,0.129904117,0.138554682
7.87,2.261,8.37,16.52,0.129060898,0.116668873,0.128219564,0.135356953
7.23,2.232,7.543,15.18,0.125859697,0.11628492,0.12458216,0.131663026
6.75,2.244,6.864,14.32,0.123458797,0.116443797,0.121595707,0.129292296
6.51,2.248,6.529,13.93,0.122258347,0.116496756,0.120122273,0.128217197
6.37,2.232,6.349,13.99,0.121558084,0.11628492,0.119330577,0.128382597
6.48,2.339,6.315,15.32,0.122108291,0.117701576,0.119181034,0.132048958
7.31,2.462,8.001,17.46,0.126259847,0.119330068,0.126596587,0.137948216
7.59,2.745,8.062,16.61,0.127660373,0.123076923,0.126864884,0.135605053
7.29,2.578,7.27,15.23,0.12615981,0.120865881,0.123381422,0.131800859
7.11,2.528,6.801,20.33,0.125259472,0.120203892,0.121318614,0.145859837
9.05,4.101,9.408,44.18,0.134963111,0.141030054,0.132785011,0.211606238
17.9,6.957,45.864,120,0.179229711,0.178842844,0.293129838,0.42061639
58.6,7.27,64.776,37.99,0.382806052,0.182986893,0.376310697,0.194542497
14.1,3.551,16.599,92.73,0.160222583,0.13374818,0.164413265,0.345442203
45.3,22.968,70.041,148.5,0.316281105,0.390824838,0.399467804,0.499181271
63.5,19.284,46.38,77.64,0.407315243,0.342049517,0.295399367,0.303844166
25.5,8.393,25.626,62.7,0.217243966,0.197855157,0.204116819,0.262659628
22.6,13.597,25.381,72,0.202738527,0.266754932,0.203039233,0.288296589
33.1,11.988,23.8,52.73,0.255258222,0.245452138,0.196085503,0.235175703
19.6,7.377,17.473,38.61,0.1877329,0.184403548,0.168257389,0.196251628
15,5.763,13.984,32.41,0.164724272,0.163034556,0.152911682,0.179160321
13.4,5.112,11.856,29.05,0.15672127,0.154415464,0.143552076,0.169897935
12,4.634,11.106,34.01,0.149718644,0.148086853,0.140253343,0.183570981
11.9,4.817,28.253,66.89,0.149218457,0.150509731,0.215671182,0.274210044
25.6,5.872,36.554,52.91,0.217744154,0.164477691,0.252181562,0.235671902
18.6,5.122,19.74,40,0.182731024,0.154547862,0.17822836,0.200083389
16.4,4.823,18.456,37.47,0.171726898,0.15058917,0.172580929,0.193109033
14.3,4.348,14.608,30.47,0.161222959,0.144300278,0.155656228,0.173812395
12.7,4.059,14.354,36.89,0.153219957,0.140473984,0.154539057,0.191510169
15.6,4.39,17.31,90.87,0.167725397,0.144856348,0.167540464,0.340314811
43,25.141,60.588,134.9,0.304776791,0.419594863,0.35789057,0.461690661
55.3,18.877,37.16,48.21,0.366299862,0.336660929,0.254846939,0.222715588
17.3,7.952,16.25,37.13,0.176228586,0.192016417,0.162878255,0.192171768
14.3,6.379,12.918,31.33,0.161222959,0.171190256,0.148223082,0.176183125
12.4,5.288,10.971,29.42,0.151719395,0.156745664,0.139659571,0.1709179
11.2,4.704,12.668,25.83,0.145717144,0.149013637,0.147123505,0.161021481
10.2,4.472,9.636,22.82,0.140715268,0.14594201,0.133787825,0.152723927
9.43,3.817,9.117,21.51,0.136863824,0.137269959,0.131505102,0.149112699
8.8,3.549,8.712,19.93,0.133712642,0.1337217,0.129723786,0.144757172
8.32,3.34,7.874,19.06,0.131311742,0.130954588,0.126038001,0.142358876
8.04,3.257,7.381,18.14,0.129911217,0.129855686,0.123869634,0.139822747
7.74,3.111,7.01,17.15,0.128410654,0.12792268,0.122237861,0.137093651
7.38,2.975,6.741,16.21,0.126609979,0.126122071,0.121054715,0.134502388
7.17,2.94,6.371,21.44,0.125559585,0.125658679,0.11942734,0.148919733
7.89,6.361,8.689,24.91,0.129160935,0.17095194,0.129622625,0.158485352
8.66,4.979,11.126,21.98,0.13301238,0.152654574,0.140341309,0.150408331
8.4,3.789,8.803,19.51,0.131711892,0.136899245,0.130124032,0.143599374
7.95,3.442,10.275,171.9,0.129461048,0.132305044,0.136598346,0.563687174
73,18.776,68.591,211.8,0.454833062,0.335323712,0.393090253,0.673678008
107,32.623,102.646,182.9,0.624896836,0.518654839,0.542874736,0.594010462
81.2,23.83,64.309,103,0.495848443,0.402237522,0.374256685,0.373753127
37.8,11.137,34.209,67.18,0.278767038,0.234185092,0.241867523,0.275009476
25.5,9.08,29.53,92.33,0.217243966,0.20695088,0.221287825,0.344339538
42.1,13.044,44.007,74.03,0.300275103,0.259433338,0.284962175,0.293892614
27.5,9.244,26.427,51.53,0.227247718,0.209122203,0.207639866,0.231867708
19.6,6.626,19.746,41.04,0.1877329,0.174460479,0.17825475,0.202950318
16.2,5.411,15.911,34.74,0.170726522,0.158374156,0.161387227,0.185583344
14.1,4.672,13.704,31.28,0.160222583,0.148589964,0.151680155,0.176045292
13,4.259,12.549,29.67,0.15472052,0.143121938,0.146600106,0.171607065
12.5,4.113,12.163,29.22,0.152219582,0.141188932,0.144902357,0.170366567
12.2,3.85,12.318,27.6,0.15071902,0.137706871,0.145584096,0.165900774
11.5,3.792,11.922,28.03,0.147217707,0.136938965,0.143842365,0.167086139
11.4,4.049,16.532,119.9,0.146717519,0.140341586,0.164118578,0.420340723
32.1,14.618,48.409,60.87,0.250256346,0.280272739,0.30432354,0.257614936
17.4,8.272,28.533,44.06,0.176728773,0.196253144,0.216902709,0.211275439
14.5,5.876,21.31,35.14,0.162223334,0.16453065,0.185133709,0.186686009
12.5,4.76,15.941,28.75,0.152219582,0.149755064,0.161519177,0.169070936
10.8,4.002,12.733,24.44,0.143716394,0.139719317,0.147409395,0.15718972
9.62,3.507,10.713,21.47,0.13781418,0.13316563,0.138524806,0.149002433
8.72,3.159,9.44,19.92,0.133312492,0.128558189,0.132925757,0.144729606
8.17,2.993,8.629,18.9,0.130561461,0.126360387,0.129358726,0.14191781
7.85,2.952,8.028,18.55,0.12896086,0.125817556,0.126715341,0.140952978
7.7,3.038,7.799,19.22,0.128210579,0.126956176,0.125708128,0.142799942
8.28,3.101,8.481,20.78,0.131111667,0.127790282,0.128707776,0.147100336
8.4,3.364,9.491,20.21,0.131711892,0.131272342,0.13315007,0.145529038
8.02,3.161,8.933,21.15,0.129811179,0.128584668,0.130695813,0.148120301
8.85,4.274,9.177,22.53,0.133962736,0.143320535,0.131769001,0.151924495
9.11,3.805,9.542,20.07,0.135263224,0.137111082,0.133374384,0.145143105
8.26,3.192,8.291,18.18,0.131011629,0.128995101,0.127872097,0.139933013
7.55,2.959,7.873,18.48,0.127460298,0.125910234,0.126033603,0.140760012
7.54,3.386,11.416,28.35,0.127410279,0.131563617,0.141616819,0.167968271
10.9,3.391,15.848,24.66,0.144216581,0.131629816,0.161110134,0.157796186
8.62,2.846,12.47,19.59,0.132812305,0.12441414,0.146252639,0.143819907
7.33,2.651,9.312,16.59,0.126359885,0.121832384,0.132362773,0.13554992
6.66,2.544,7.689,16.35,0.123008628,0.120415729,0.125224314,0.134888321
6.62,3.005,7.691,15.8,0.122808553,0.126519264,0.12523311,0.133372156
6.38,2.721,6.799,14.38,0.121608103,0.122759169,0.121309817,0.129457696
6.24,2.475,6.364,14.31,0.12090784,0.119502185,0.119396552,0.129264729
6.4,2.58,5.959,13.53,0.121708141,0.120892361,0.117615236,0.127114532
5.9,2.406,5.491,12.83,0.119207203,0.11858864,0.115556826,0.125184869
5.6,2.326,5.181,12.16,0.11770664,0.117529458,0.11419335,0.123337905
5.3,2.272,4.885,11.7,0.116206077,0.116814511,0.11289145,0.12206984
5.18,2.228,4.699,11.16,0.115605852,0.116231961,0.112073364,0.120581242
5.01,2.202,4.783,11.6,0.114755533,0.115887727,0.112442822,0.121794174
5.14,2.184,5.128,11.34,0.115405777,0.115649411,0.113960239,0.121077442
4.89,2.171,4.578,10.95,0.114155308,0.115477294,0.111541168,0.120002343
4.79,2.181,4.503,10.5,0.113655121,0.115609692,0.111211295,0.118761845
4.64,2.13,4.408,10.2,0.112904839,0.114934463,0.110793455,0.117934846
4.57,2.094,4.471,9.867,0.112554708,0.114457831,0.111070549,0.117016878
4.23,2.06,4.306,9.656,0.11085407,0.114007679,0.110344828,0.116435222
4.1,2.13,4.211,13.04,0.110203826,0.114934463,0.109926988,0.125763768
4.57,2.434,9.089,14.6,0.112554708,0.118959354,0.131381949,0.130064161
5.33,2.182,6.895,11.95,0.116356134,0.115622931,0.121732055,0.122759006
4.5,2.07,5.429,10.7,0.112204577,0.114140077,0.115284131,0.119313178
4.27,2.009,4.838,10.27,0.111054145,0.113332451,0.112684729,0.118127813
4.11,1.997,4.644,10.58,0.110253845,0.113173573,0.111831457,0.118982378
4.39,2.218,4.709,12.28,0.11165437,0.116099563,0.112117347,0.123668704
5.07,3.133,5.293,17.62,0.115055646,0.128213955,0.114685961,0.138389282
6.81,3.268,12.089,23.8,0.12375891,0.130001324,0.144576882,0.155425456
9.18,2.461,11.168,17.75,0.135613355,0.119316828,0.140526038,0.138747648
6.39,2.22,8.352,46.31,0.121658122,0.116126043,0.128140394,0.217477929
7.54,13.259,43.204,46.49,0.127410279,0.262279889,0.281430331,0.217974129
12.2,5.731,21.002,37.24,0.15071902,0.162610883,0.183779029,0.192475001
9.01,5.298,23.605,24.29,0.134763036,0.156878062,0.195227833,0.156776221
6.88,3.273,11.16,18.73,0.124109041,0.130067523,0.140490852,0.141449177
5.57,2.874,18.208,39.61,0.117556584,0.124784854,0.171490148,0.199008291
13.3,2.928,23.265,25.53,0.156221083,0.125499801,0.193732407,0.160194483
7.93,2.659,12.301,22.36,0.12936101,0.121938303,0.145509324,0.151455862
6.6,2.762,14.695,22.1,0.122708516,0.123301999,0.156038881,0.15073913
6.69,2.79,13.129,23.89,0.123158685,0.123672713,0.149151126,0.155673556
6.53,2.705,15.087,19.53,0.122358384,0.122547332,0.157763019,0.143654507
5.96,2.569,9.86,15.53,0.119507315,0.120746723,0.134773047,0.132627857
5.12,2.389,7.786,13.52,0.11530574,0.118363564,0.12565095,0.127086966
4.8,2.279,6.65,12.49,0.113705139,0.116907189,0.120654469,0.124247603
4.44,2.315,6.167,12.45,0.111904464,0.117383821,0.118530084,0.124137337
4.46,2.663,5.764,12.56,0.112004502,0.121991262,0.116757565,0.12444057
4.29,2.412,8.176,25.11,0.111154183,0.118668079,0.127366291,0.159036684
9.76,3.006,17.887,108,0.138514443,0.126532504,0.17007829,0.38753644
54.8,26.523,86.657,127.8,0.363798925,0.437892228,0.472550141,0.442118357
55.1,13.687,34.227,48.75,0.365299487,0.267946511,0.241946692,0.224204186
15.7,4.954,17.907,31.65,0.168225585,0.15232358,0.170166256,0.177065257
12.1,3.934,16.391,33.63,0.150218832,0.138819012,0.163498417,0.182523449
15.4,4.063,18.675,41.23,0.166725022,0.140526943,0.173544159,0.203474084
16.2,3.774,15.087,40.14,0.170726522,0.136700649,0.157763019,0.200469322
17.2,6.017,33.505,67.91,0.175728398,0.166397458,0.238771112,0.27702184
27.5,5.69,28.493,44.83,0.227247718,0.162068052,0.216726777,0.213398069
16,3.9,18.254,30.32,0.169726147,0.13836886,0.17169247,0.173398896
11.1,3.326,11.973,31.47,0.145216956,0.130769231,0.144066678,0.176569058
12.4,5.424,15.612,33,0.151719395,0.158546273,0.160072132,0.180786751
12.1,4.125,12.258,24.38,0.150218832,0.141347809,0.145320197,0.157024321
9.26,3.332,9.114,20.33,0.136013505,0.130848669,0.131491907,0.145859837
7.98,3.049,7.763,17.9,0.129611104,0.127101814,0.125549789,0.139161148
7.04,2.878,6.885,15.83,0.124909341,0.124837813,0.121688072,0.133454856
6.35,2.806,6.334,14.52,0.121458047,0.123884549,0.119264602,0.129843628
5.86,2.726,5.953,13.99,0.119007128,0.122825367,0.117588846,0.128382597
5.51,3.06,5.614,13.78,0.117256471,0.127247451,0.116097818,0.127803698
5.48,2.763,5.499,13.29,0.117106415,0.123315239,0.115592013,0.126452933
5.32,2.598,5.268,12.84,0.116306115,0.121130677,0.114576003,0.125212435
5.2,2.518,5.085,12.39,0.11570589,0.120071495,0.113771112,0.123971937
5,2.49,4.947,12.07,0.114705515,0.119700781,0.113164145,0.123089805
4.82,2.443,4.779,11.58,0.113805177,0.119078512,0.112425229,0.121739041
4.65,2.421,4.684,11.32,0.112954858,0.118787237,0.112007389,0.121022308
4.53,2.352,4.619,10.88,0.112354633,0.117873693,0.111721499,0.119809377
4.38,2.337,4.428,10.58,0.111604352,0.117675096,0.110881422,0.118982378
4.28,2.301,4.313,10.48,0.111104164,0.117198464,0.110375616,0.118706712
4.26,2.29,4.218,10.34,0.111004127,0.117052827,0.109957776,0.118320779
4.12,2.258,4.198,10.25,0.110303864,0.116629154,0.10986981,0.118072679
4.12,2.264,4.083,10.04,0.110303864,0.116708593,0.109364004,0.11749378
4.04,2.238,4.035,9.96,0.109903714,0.116364359,0.109152885,0.117273247
3.98,2.23,3.994,9.954,0.109603601,0.11625844,0.108972555,0.117256707
3.96,2.244,3.937,10.01,0.109503564,0.116443797,0.108721851,0.11741108
3.94,2.218,3.745,11.97,0.109403526,0.116099563,0.107877375,0.122814139
4.84,4.537,12.751,58.26,0.113905214,0.146802595,0.147488564,0.250420046
33.8,7.841,32.701,55.08,0.258759535,0.190546803,0.23523487,0.24165386
20.8,6.692,39.423,61.8,0.193735151,0.175334304,0.264800317,0.260178632
19.7,4.538,27.108,34.91,0.188233087,0.146815835,0.210635116,0.186051977
12.2,3.333,15.395,152.9,0.15071902,0.130861909,0.159117699,0.511310586
50,27.4,34.089,93.07,0.339789921,0.449503509,0.241339726,0.346379468
28.1,17.744,24.372,62.26,0.230248843,0.321660267,0.198601337,0.261446696
19.3,13.526,19.05,49.15,0.186232337,0.265814908,0.175193526,0.225306851
16.9,10.173,18.333,47.41,0.174227835,0.221421952,0.172039937,0.220510258
16.5,8.911,17.579,38.26,0.172227085,0.204713359,0.16872361,0.195286796
13.8,5.53,15.168,32,0.158722021,0.159949689,0.158119282,0.178030089
12.2,4.919,13.527,31,0.15071902,0.151860188,0.150901654,0.175273426
11.1,4.474,11.672,29.11,0.145216956,0.145968489,0.142742787,0.170063334
9.94,4.213,10.309,25.99,0.139414781,0.142512909,0.136747889,0.161462547
9.19,3.866,9.28,23.38,0.135663374,0.137918708,0.132222027,0.154267658
8.61,3.667,8.477,21.42,0.132762286,0.135283993,0.128690183,0.1488646
8.23,3.612,7.9,20.33,0.130861573,0.134555806,0.126152357,0.145859837
8.02,4.678,7.656,20.44,0.129811179,0.148669403,0.12507917,0.14616307
8.05,4.071,7.85,26.3,0.129961235,0.140632861,0.125932442,0.162317113
10.8,6.475,12.783,82.21,0.143716394,0.172461274,0.14762931,0.316442114
35.6,18.363,55.999,104.4,0.267762911,0.329855686,0.337706721,0.377612455
44.4,16.297,31.95,68.06,0.311779417,0.302502317,0.231931738,0.277435339
23,14.144,25.032,69.72,0.204739277,0.273997087,0.201504222,0.282011399
25.7,16.141,34.012,133.4,0.218244342,0.300436912,0.241001056,0.457555667
71.4,25.919,56.15,185,0.446830061,0.429895406,0.338370866,0.599799453
95.4,35.334,82.066,150.4,0.566875078,0.554547862,0.452357495,0.50441893
68.1,19.787,43.905,90.31,0.430323871,0.348709122,0.284513547,0.33877108
37.7,13.397,30.387,71.14,0.27826685,0.264106977,0.225057178,0.28592586
30.2,11.544,24.317,59.05,0.240752782,0.239573679,0.19835943,0.25259781
22.4,10.139,19.707,68.72,0.201738152,0.220971799,0.178083216,0.279254736
33.9,18.111,27.472,98.35,0.259259722,0.326519264,0.212236101,0.360934646
52,16.206,31.808,74.58,0.349793673,0.301297498,0.231307178,0.295408779
31.4,12.005,22.305,55.06,0.246755033,0.245677214,0.189510028,0.241598726
22.3,8.785,17.586,42.92,0.201237964,0.203045148,0.168754398,0.208132844
18.1,5.774,14.755,36.39,0.180230086,0.163180193,0.15630278,0.190131837
15.5,5.3,12.928,32.49,0.167225209,0.156904541,0.148267065,0.179380854
13.9,4.84,11.755,30.28,0.159222208,0.150814246,0.143107847,0.173288629
13,4.654,11.048,29.3,0.15472052,0.148351648,0.139998241,0.1705871
12.8,4.666,10.593,28.16,0.153720145,0.148510526,0.137997009,0.167444505
13.2,4.369,10.33,27.79,0.155720895,0.144578313,0.136840253,0.16642454
12.6,4.093,10.061,26.08,0.15271977,0.140924136,0.135657108,0.161710647
11.7,3.945,9.494,24.67,0.148218082,0.13896465,0.133163265,0.157823753
11,3.797,9.074,23.32,0.144716769,0.137005164,0.131315975,0.154102258
10.5,3.706,8.629,22.19,0.142215831,0.135800344,0.129358726,0.15098723
9.99,3.609,8.128,21.05,0.139664874,0.134516086,0.127155172,0.147844635
9.46,3.545,7.773,20.32,0.13701388,0.133668741,0.125593772,0.145832271
9.09,3.494,7.548,19.71,0.135163186,0.132993513,0.124604152,0.144150707
8.76,3.422,7.367,19.23,0.133512567,0.132040249,0.123808058,0.142827509
8.53,3.34,7.156,18.76,0.132362136,0.130954588,0.122880014,0.141531877
8.43,3.256,7.081,18.53,0.131861948,0.129842447,0.122550141,0.140897845
8.35,3.313,6.97,18.36,0.131461798,0.130597114,0.122061928,0.140429212
8.12,3.332,6.861,18,0.130311367,0.130848669,0.121582512,0.139436814
8.15,3.276,6.804,17.7,0.130461423,0.130107242,0.121331809,0.138609815
8.02,3.238,6.686,17.8,0.129811179,0.129604131,0.120812808,0.138885481
8,3.196,6.685,17.5,0.129711142,0.12904806,0.12080841,0.138058483
7.68,3.166,6.572,17.15,0.128110541,0.128650867,0.1203114,0.137093651
7.58,3.167,6.554,16.48,0.127610354,0.128664107,0.120232231,0.135246687
7.48,3.127,6.479,17.7,0.127110166,0.128134516,0.119902357,0.138609815
7.91,3.656,6.427,24.88,0.129260973,0.135138356,0.119673645,0.158402652
10.4,4.046,13.479,26.69,0.141715643,0.140301867,0.150690535,0.163392211
10.1,3.594,10.297,22.02,0.140215081,0.13431749,0.136695109,0.150518597
8.54,3.354,8.486,26.34,0.132412155,0.131139944,0.128729768,0.162427379
10.1,5.04,14.956,114.9,0.140215081,0.1534622,0.15718684,0.406557411
66.8,26.437,45.559,97.19,0.423821433,0.436753608,0.291788353,0.357736918
46.2,9.502,20.641,52.9,0.320782794,0.212538064,0.182191239,0.235644335
23.5,6.43,13.987,39.39,0.207240215,0.171865484,0.152924877,0.198401825
16.7,5.404,11.263,36,0.17322746,0.158281478,0.140943878,0.189056739
13.7,4.877,9.878,31.05,0.158221833,0.151304118,0.134852217,0.17541126
11.9,4.551,8.905,26,0.149218457,0.146987952,0.13057266,0.161490114
10.7,4.244,8.018,24.69,0.143216206,0.142923342,0.126671358,0.157878886
10.5,4.321,7.736,24.5,0.142215831,0.143942804,0.125431034,0.15735512
10.4,4.087,7.576,24.41,0.141715643,0.140844697,0.124727305,0.157107021
10.1,4.015,7.184,22.32,0.140215081,0.139891434,0.123003167,0.151345596
9.22,3.792,6.507,21.49,0.13581343,0.136938965,0.12002551,0.149057566
10.1,3.687,6.68,26.25,0.140215081,0.135548789,0.120786418,0.16217928
14.3,3.992,8.502,30.47,0.161222959,0.139586919,0.128800141,0.173812395
13.7,4.059,9.13,29.9,0.158221833,0.140473984,0.13156228,0.172241098
14.9,4.078,9.084,33.5,0.164224084,0.14072554,0.131359958,0.182165083
14.2,4.019,8.629,45.39,0.160722771,0.139944393,0.129358726,0.2149418
23,7.871,10.325,58.28,0.204739277,0.190943996,0.136818262,0.25047518
28.2,7.263,25.003,99.25,0.230749031,0.182894214,0.201376671,0.363415643
46,11.152,61.327,99.11,0.319782418,0.234383689,0.361140922,0.36302971
34.7,8.759,44.482,113.5,0.263261223,0.202700914,0.287051372,0.402698083
58.3,7.413,78.343,95.15,0.38130549,0.18488018,0.435982583,0.352113326
29.9,6.589,33.954,52.83,0.23925222,0.173970608,0.240745954,0.235451369
18.6,6.318,24.056,80.19,0.182731024,0.170382629,0.197211471,0.310873655
39.5,6.478,48.004,97.34,0.287270226,0.172500993,0.302542224,0.358150417
38.4,21.854,87.398,239,0.281768163,0.376075731,0.475809289,0.748659228
107,42.234,96.197,171.8,0.624896836,0.64590229,0.514510028,0.563411508
53.8,29.225,81.966,149.2,0.358797049,0.473666093,0.451917664,0.501110935
40.8,22.121,53.709,101,0.293772665,0.379610751,0.327634588,0.368239802
33,19.008,37.488,184.5,0.254758034,0.33839534,0.256289585,0.598421122
68,32.767,50.91,178.5,0.429823684,0.520561366,0.315323716,0.581881146
64.7,43.352,93.292,219.8,0.413317494,0.660704356,0.501732935,0.695731308
83.3,45.391,90.506,150.2,0.506352382,0.687700252,0.48947924,0.503867597
48,25.324,48.84,179.2,0.32978617,0.422017741,0.306219212,0.58381081
90.1,26.642,130.569,293.9,0.540365137,0.439467761,0.665688776,0.9
162,61.426,183.842,137.4,0.9,0.9,0.9,0.468582317
30.1,21.927,37.827,101.1,0.240252595,0.377042235,0.257780612,0.368515468
27.7,20.864,52.522,111.4,0.228248093,0.362968357,0.322413793,0.396909092
34.8,22.898,47.111,103.9,0.263761411,0.389898054,0.298614532,0.376234123
36.3,24.125,41.196,88.64,0.271264224,0.406143254,0.272598522,0.334167453
30.2,18.232,29.125,68.55,0.240752782,0.328121276,0.21950651,0.278786104
22.2,15.284,23.4,57.25,0.200737777,0.289090428,0.194326179,0.247635817
19.5,10.905,20.288,52.94,0.187232712,0.231113465,0.180638635,0.235754602
20.2,8.21,19.05,126.1,0.190734025,0.195432279,0.175193526,0.437432031
68.1,23.789,80.208,190.7,0.430323871,0.401694691,0.444185433,0.615512429
83.7,33.541,68.586,143.3,0.508353132,0.53080895,0.393068262,0.484846626
50.6,23.232,43.233,91.94,0.342791047,0.394320138,0.281557882,0.34326444
29.4,14.507,30.518,121.6,0.236751282,0.278803125,0.225633357,0.42502705
50.3,29.793,59.598,203.2,0.341290484,0.481186284,0.353536242,0.64997071
97.5,41.468,100.103,237.4,0.577379017,0.635760625,0.531689831,0.744248568
110,41.414,65.174,186.5,0.639902463,0.635045677,0.378061224,0.603934447
74.7,31.2,44.384,163.1,0.463336251,0.499814643,0.286620338,0.539428544
70.9,27.549,44.114,127.4,0.444329123,0.451476235,0.285432794,0.441015692
55.1,19.77,33.786,98.21,0.365299487,0.348484046,0.240007037,0.360548714
40.6,14.923,27.197,86.6,0.29277229,0.28431087,0.211026566,0.328543862
37.4,11.518,39.131,145.3,0.276766287,0.239229445,0.26351601,0.490359951
79.4,13.828,61.114,113.6,0.486845067,0.269813319,0.360204082,0.40297375
47.6,13.94,37.754,123,0.32778542,0.271296174,0.257459536,0.428886377
57.4,20.581,63.906,186.3,0.376803801,0.359221501,0.372484166,0.603383114
101,24.82,84.93,188.6,0.594885582,0.415344896,0.464954258,0.609723438
82.5,30.619,83.596,157.1,0.502350882,0.492122335,0.459086911,0.522888569
57.5,24.088,50.788,102.8,0.377303989,0.405653383,0.314787122,0.373201795
35.8,17.423,34.374,80.08,0.268763286,0.317410301,0.242593244,0.310570422
26.1,15.201,26.039,75.03,0.220245092,0.287991527,0.205933322,0.296649277
30.9,13.466,35.411,118.3,0.244254095,0.265020522,0.247154293,0.415930063
52.2,12.411,49.843,81.92,0.350794048,0.251052562,0.310630718,0.315642681
27.8,12.344,31.567,71.77,0.228748281,0.250165497,0.230247185,0.287662557
24.8,11.902,31.704,68.35,0.213742653,0.244313518,0.230849754,0.278234771
23.4,11.536,30.167,112.7,0.206740028,0.239467761,0.22408955,0.400492753
42.2,21.786,76.299,100.3,0.300775291,0.375175427,0.426992435,0.366310138
29.6,13.328,35.191,111.6,0.237751657,0.263193433,0.246186664,0.397460425
42.8,24.058,86.144,197.5,0.303776416,0.40525619,0.470293807,0.634257734
56.7,37.762,76.945,229.3,0.373302488,0.586694029,0.429833744,0.721919602
123,40.076,139.745,242.1,0.704926848,0.617330862,0.706047678,0.757204882
104,39.931,62.123,153,0.609891209,0.615411095,0.364641977,0.511586253
50.2,22.394,62.298,157.5,0.340790296,0.383225209,0.365411682,0.523991234
64.1,20.455,66.452,105.6,0.410316369,0.35755329,0.383682266,0.38092045
33.6,16.612,38.178,103.2,0.25775916,0.306672845,0.259324419,0.37430446
42.5,16.139,70.007,139.6,0.302275853,0.300410433,0.399318262,0.474646975
52.4,16.892,49.647,102.1,0.351794423,0.310379981,0.309768649,0.371272131
39.8,21.491,37.988,144.9,0.288770789,0.371269694,0.25848874,0.489257286
62.8,31.212,66.144,141.3,0.40381393,0.49997352,0.382327586,0.479333301
56.3,18.192,49.421,99.39,0.371301738,0.327591685,0.308774631,0.363801575
39,14.761,40.188,89.16,0.284769288,0.282166027,0.268165025,0.335600918
33.8,14.152,34.465,70.76,0.258759535,0.274103005,0.24299349,0.284878328
26,11.725,31.145,84.77,0.219744904,0.241970078,0.228391098,0.32349917
33.8,10.398,46.325,68.28,0.258759535,0.2244009,0.29515746,0.278041805
23.3,8.594,27.828,56.59,0.20623984,0.200516351,0.2138019,0.24581642
20,7.957,22.52,50.53,0.18973365,0.192082616,0.190455665,0.229111045
17.9,7.379,19.221,46.39,0.179229711,0.184430028,0.175945637,0.217698462
16.3,6.914,16.727,41.9,0.17122671,0.178273534,0.164976249,0.205321048
15,6.558,14.503,39.99,0.164724272,0.173560175,0.155194405,0.200055822
14.2,6.632,13.431,35.09,0.160722771,0.174539918,0.150479416,0.186548176
13.6,6.132,12.71,36.73,0.157721646,0.167920032,0.147308234,0.191069103
13.3,5.431,12.21,33.65,0.156221083,0.158638951,0.145109078,0.182578582
13.2,5.674,12.115,31.7,0.155720895,0.161856216,0.144691239,0.17720309
12.9,5.62,11.807,30.31,0.154220333,0.161141268,0.143336559,0.173371329
12.3,5.212,11.104,28.78,0.151219207,0.155739441,0.140244546,0.169153636
11.9,4.931,10.588,27.88,0.149218457,0.152019065,0.137975018,0.166672639
11.5,4.716,10.015,31.49,0.147217707,0.149172514,0.135454785,0.176624191
11.2,4.905,9.935,30.35,0.145717144,0.151674831,0.13510292,0.173481596
11.2,4.92,9.774,32.17,0.145717144,0.151873428,0.134394792,0.178498722
12.3,5.515,10.817,86.82,0.151219207,0.159751092,0.138982231,0.329150328
42.6,19.568,24.803,193.9,0.302776041,0.345809612,0.200497009,0.624333749
98,45.156,120.436,280.8,0.579879955,0.684588905,0.62112069,0.863887721
154,44.727,112.924,222.5,0.859984994,0.678909043,0.588080577,0.703174297
96.7,30.933,55.139,143.9,0.573377517,0.496279624,0.333924173,0.486500624
52.2,20.212,39.355,150.8,0.350794048,0.354336025,0.264501232,0.505521595
73.4,20.322,87.041,148.8,0.456833813,0.3557924,0.474239092,0.50000827
56.8,18.642,47.094,111.8,0.373802676,0.333549583,0.298539761,0.398011757
51.1,15.402,54.277,103.5,0.345291984,0.290652721,0.330132829,0.375131458
38.1,13.582,37.476,116.9,0.2802676,0.266556335,0.256236805,0.412070736
41,12.716,72.135,108.8,0.29477304,0.255090692,0.408677868,0.38974177
39.3,12.364,82.048,138.5,0.286269851,0.250430293,0.452278325,0.471614646
49.8,13.053,56.441,77.91,0.338789546,0.259552496,0.339650774,0.304588465
23.6,11.156,31.587,59.87,0.207740403,0.234436648,0.230335151,0.254858273
24,10.452,30.709,76.8,0.209741153,0.225115848,0.226473434,0.301528569
28.1,10.685,37.06,127.8,0.230248843,0.228200715,0.254407108,0.442118357
53.5,14.595,81.942,120.9,0.357296486,0.279968225,0.451812104,0.423097386
35.7,18.046,80.32,120.9,0.268263099,0.325658679,0.444678044,0.423097386
36.6,16.894,45.986,70.19,0.272764787,0.310406461,0.293666432,0.28330703
20.2,12.37,31.951,59.56,0.190734025,0.250509731,0.231936137,0.254003708
18,11.685,27.426,54.1,0.179729899,0.241440487,0.212033779,0.23895233
17.5,10.999,26.423,58.46,0.177228961,0.232358003,0.207622273,0.250971379
19.5,9.544,28.061,46.14,0.187232712,0.213094135,0.214826707,0.217009297
16.3,6.052,20.631,39.57,0.17122671,0.16686085,0.182147255,0.198898024
14.6,5.639,16.856,46.12,0.162723521,0.161392824,0.165543631,0.216954164
19.4,5.742,33.555,259.2,0.186732525,0.162756521,0.238991027,0.804343811
104,40.361,91.489,124,0.609891209,0.621104197,0.49380278,0.43164304
31.6,16.309,48.523,85.47,0.247755408,0.302661194,0.304824947,0.325428833
25.3,12.315,32.184,56.22,0.216243591,0.249781544,0.232960943,0.244796455
17.4,8.845,24.907,64.34,0.176728773,0.203839534,0.200954433,0.267180555
18,9.759,40.083,59.25,0.179729899,0.215940686,0.267703202,0.253149142
18,8.75,31.576,50.76,0.179729899,0.202581756,0.23028677,0.229745078
15.8,8.215,22.773,52.42,0.168725772,0.195498477,0.191568438,0.234321137
20,8.586,33.755,139.1,0.18973365,0.200410433,0.23987069,0.473268644
62.4,14.817,88.458,102.4,0.40181318,0.282907454,0.480471499,0.37209913
30.1,12.804,40.041,65.1,0.240252595,0.256255792,0.267518473,0.269275618
19.7,9.8,33.593,98.21,0.188233087,0.216483516,0.239158163,0.360548714
28.1,14.62,60.8,73.44,0.230248843,0.280299219,0.358823012,0.292266183
22.3,11.306,39.81,79.44,0.201237964,0.236422614,0.266502463,0.308806158
28.5,10.337,38.776,72.78,0.232249594,0.223593274,0.261954609,0.290446786
27,10.301,38.067,91.78,0.22474678,0.223116642,0.258836207,0.342823374
30.4,15.538,65.259,123.3,0.241753157,0.29245333,0.378435081,0.429713376
37.7,21.887,49.23,77.52,0.27826685,0.376512644,0.307934553,0.303513366
21.2,12.414,35.964,61.35,0.195735901,0.251092281,0.249586559,0.258938134
20.2,9.204,28.44,55.09,0.190734025,0.208592612,0.216493666,0.241681426
19,11.192,28.682,63.07,0.184731774,0.234913279,0.217558058,0.263679593
22.8,10.907,26.049,47.63,0.203738902,0.231139944,0.205977305,0.221116724
16.1,8.821,18.434,39.93,0.170226335,0.203521779,0.172484166,0.199890423
13.6,8.243,15.381,35.34,0.157721646,0.195869191,0.159056122,0.187237342
12.2,7.852,13.84,32.17,0.15071902,0.19069244,0.152278325,0.178498722
11.4,7.447,12.599,28.26,0.146717519,0.185330332,0.146820021,0.167720171
10.9,4.437,11.756,26.28,0.144216581,0.145478618,0.143112245,0.162261979
10.6,4.012,11.271,25.77,0.142716019,0.139851715,0.140979064,0.160856082
10.5,4.182,10.772,29.29,0.142215831,0.142102476,0.138784307,0.170559534
13.2,3.989,14.444,39.38,0.155720895,0.1395472,0.154934905,0.198374258
18,3.941,26.736,73.41,0.179729899,0.138911691,0.208998944,0.292183483
33.3,6.998,47.024,80.79,0.256258597,0.179385675,0.298231879,0.312527653
34.2,5.951,31.54,48.35,0.260760285,0.165523633,0.230128431,0.223101521
17.7,6.015,21.232,49.5,0.178229336,0.166370978,0.18479064,0.226271683
17.5,6.162,27.069,39.69,0.177228961,0.168317225,0.210463582,0.199228824
14.2,4.364,17.042,37.65,0.160722771,0.144512114,0.166361717,0.193605232
17.5,3.975,26.584,52.87,0.177228961,0.139361843,0.208330401,0.235561636
22.1,3.699,22.133,34.32,0.200237589,0.135707666,0.188753519,0.184425546
13.5,3.576,14.123,27.22,0.157221458,0.134079174,0.153523047,0.164853242
11.1,3.332,11.746,24.07,0.145216956,0.130848669,0.143068262,0.156169755
10.1,3.168,10.43,22.46,0.140215081,0.128677347,0.137280084,0.151731529
9.74,3.128,9.576,21.27,0.138414405,0.128147756,0.133523927,0.1484511
9.32,3.155,9.129,24.27,0.136313618,0.12850523,0.131557882,0.156721088
11.5,3.335,12.947,37.69,0.147217707,0.130888389,0.148350633,0.193715499
17.3,3.355,22.709,31.42,0.176228586,0.131153184,0.191286946,0.176431225
12.1,3.275,12.811,24.05,0.150218832,0.130094002,0.147752463,0.156114622
9.83,3.331,10.536,20.81,0.138864574,0.13083543,0.137746305,0.147183035
8.82,2.889,9.057,18.95,0.13381268,0.12498345,0.131241203,0.142055643
8.28,2.779,8.162,17.92,0.131111667,0.123527075,0.127304715,0.139216281
7.91,2.743,7.828,16.88,0.129260973,0.123050444,0.125835679,0.136349352
7.65,2.696,7.339,16.09,0.127960485,0.122428174,0.123684905,0.134171588
7.26,2.626,6.945,15.39,0.126009754,0.12150139,0.12195197,0.132241925
7.1,2.618,6.794,19.78,0.125209454,0.121395472,0.121287825,0.144343673
8.15,5.672,8.341,25.57,0.130461423,0.161829737,0.128092013,0.160304749
10.5,4.207,11.547,22.02,0.142215831,0.14243347,0.142192998,0.150518597
8.58,3.221,9.009,18.69,0.13261223,0.129379055,0.131030084,0.141338911
7.5,2.86,7.64,16.56,0.127210204,0.124599497,0.125008797,0.13546722
7.15,2.719,7.116,15.76,0.125459547,0.122732689,0.122704082,0.13326189
7.15,2.672,6.797,15.64,0.125459547,0.12211042,0.12130102,0.13293109
6.95,3.092,6.718,26.65,0.124459172,0.127671124,0.120953554,0.163281945
14.5,6.43,19.822,43.22,0.162223334,0.171865484,0.178589022,0.208959842
18.3,5.352,13.999,26.34,0.181230461,0.157593009,0.152977657,0.162427379
10.7,4.06,9.586,20.46,0.143216206,0.140487224,0.13356791,0.146218204
8.52,3.404,7.901,17.6,0.132312117,0.131801933,0.126156756,0.138334149
7.56,2.974,6.984,15.84,0.127510316,0.126108831,0.122123505,0.133482423
6.99,2.753,6.48,15.36,0.124659247,0.123182841,0.119906756,0.132159225
6.64,2.652,6.125,14.36,0.122908591,0.121845624,0.118345355,0.129402562
6.31,2.573,5.883,13.71,0.121257972,0.120799682,0.117280964,0.127610732
6.08,2.51,5.715,13.4,0.12010754,0.119965577,0.116542048,0.126756166
5.87,2.465,5.511,13.19,0.119057146,0.119369787,0.115644792,0.126177267
5.73,2.501,5.389,13.48,0.118356884,0.119846419,0.115108198,0.126976699
5.95,2.728,5.468,14.07,0.119457296,0.122851847,0.115455665,0.12860313
6.17,2.72,5.571,14.91,0.120557709,0.122745929,0.115908691,0.130918727
7.9,2.614,7.095,18.63,0.129210954,0.121342513,0.122611717,0.141173511
8.78,2.441,7.248,15.57,0.133612605,0.119052032,0.123284659,0.132738124
6.76,2.384,6.137,13.47,0.123508816,0.118297365,0.118398135,0.126949133
6.24,2.369,6.333,14.56,0.12090784,0.118098769,0.119260204,0.129953895
6.26,2.324,6.541,12.86,0.121007878,0.117502979,0.120175053,0.125267569
5.58,2.276,5.673,11.88,0.117606602,0.11686747,0.116357319,0.122566039
5.33,2.277,5.335,11.64,0.116356134,0.11688071,0.11487069,0.12190444
5.17,2.254,5.176,11.22,0.115555833,0.116576195,0.114171358,0.120746642
4.97,2.216,4.938,11.18,0.114555458,0.116073084,0.11312456,0.120636376
4.85,2.222,4.623,10.71,0.113955233,0.116152522,0.111739092,0.119340744
4.63,2.091,4.338,10.25,0.112854821,0.114418112,0.110485574,0.118072679
4.5,2.021,4.25,10.03,0.112204577,0.113491328,0.110098522,0.117466214
4.46,2.043,4.137,10.3,0.112004502,0.113782603,0.109601513,0.118210513
4.61,2.063,4.097,10.18,0.112754783,0.114047398,0.109425581,0.117879713
4.58,2.045,4.078,10.37,0.112604727,0.113809082,0.109342013,0.118403479
4.47,2.052,4.556,13.63,0.11205452,0.113901761,0.111444405,0.127390199
5.51,2.092,7.568,14.19,0.117256471,0.114431352,0.124692118,0.12893393
5.22,2.189,10.749,26.89,0.115805927,0.11571561,0.138683146,0.163943544
9.4,2.347,15.905,18.78,0.136713768,0.117807494,0.161360837,0.141587011
6.46,2.079,8.003,13.75,0.122008253,0.114259235,0.126605384,0.127720998
5.18,1.996,6.194,12.5,0.115605852,0.113160334,0.118648839,0.12427517
4.99,2.368,5.545,12.76,0.114655496,0.118085529,0.115794335,0.124991902
5.5,2.076,6.013,12.27,0.117206452,0.114219515,0.117852745,0.123641138
4.83,1.977,7.071,15.79,0.113855196,0.112908778,0.122506158,0.13334459
5.82,1.921,8.486,12.57,0.118807053,0.112167351,0.128729768,0.124468136
4.69,1.88,5.683,10.65,0.113154933,0.11162452,0.116401302,0.119175344
4.12,1.796,4.77,9.882,0.110303864,0.110512379,0.112385644,0.117058228
3.9,1.794,4.339,9.498,0.109203451,0.1104859,0.110489972,0.115999669
3.83,1.827,4.055,9.229,0.10885332,0.110922812,0.109240852,0.115258127
3.68,1.841,4.011,8.72,0.108103039,0.111108169,0.109047326,0.113854986
3.67,1.843,4.052,8.905,0.10805302,0.111134648,0.109227657,0.114364968
3.61,1.813,3.908,9.239,0.107752907,0.110737455,0.1085943,0.115285694
3.67,1.957,3.828,9.709,0.10805302,0.112643983,0.108242435,0.116581325
3.75,2.331,3.723,9.33,0.10845317,0.117595657,0.107780612,0.11553655
3.74,1.983,3.781,8.986,0.108403151,0.112988217,0.108035714,0.114588258
3.68,1.824,3.71,8.419,0.108103039,0.110883093,0.107723434,0.11302523
3.52,1.753,3.672,8.316,0.107302739,0.109943069,0.107556298,0.112741294
3.47,1.747,3.6,8.162,0.107052645,0.10986363,0.10723962,0.112316768
3.39,1.725,3.367,7.967,0.106652495,0.109572355,0.106214814,0.111779219
3.48,1.679,3.42,7.735,0.107102663,0.108963326,0.106447924,0.111139673
3.31,1.662,3.361,7.645,0.106252345,0.10873825,0.106188424,0.110891574
3.21,1.669,3.269,7.434,0.105752157,0.108830928,0.105783779,0.110309918
3.14,1.637,3.137,7.499,0.105402026,0.108407255,0.105203202,0.110489101
3.07,1.614,3.152,7.124,0.105051894,0.108102741,0.105269177,0.109455352
3.1,1.648,3.11,6.623,0.105201951,0.108552893,0.105084448,0.108074264
3.01,1.639,3.076,6.298,0.104751782,0.108433735,0.104934905,0.107178349
2.96,1.64,3.042,6.342,0.104501688,0.108446975,0.104785362,0.107299642
2.92,1.641,2.969,6.151,0.104301613,0.108460214,0.104464286,0.10677312
3,1.662,2.955,5.887,0.104701763,0.10873825,0.104402709,0.106045361
2.91,1.59,2.892,7.603,0.104251594,0.107784986,0.104125616,0.110775794
3.52,2.792,3.51,11.16,0.107302739,0.123699192,0.106843772,0.120581242
4.47,3.264,3.554,8.654,0.11205452,0.129948365,0.107037298,0.113673046
3.64,1.988,3.628,9.499,0.107902964,0.113054415,0.107362773,0.116002426
3.9,2.789,3.572,8.672,0.109203451,0.123659473,0.107116467,0.113722666
3.69,2.068,3.326,8.077,0.108153057,0.114113597,0.106034483,0.112082452
3.32,1.773,3.327,7.809,0.106302363,0.110207864,0.106038881,0.111343666
3.16,1.721,3.277,9.428,0.105502063,0.109519396,0.105818966,0.115806703
4.3,2.727,4.488,10.57,0.111204202,0.122838607,0.11114532,0.118954811
4.24,2.269,4.186,9.686,0.110904089,0.116774791,0.10981703,0.116517922
3.66,2.308,3.906,8.179,0.108003001,0.117291143,0.108585503,0.112363631
3.26,1.915,3.509,8.73,0.106002251,0.112087912,0.106839374,0.113882552
3.58,2.193,4.949,14.1,0.107602851,0.115768569,0.113172942,0.12868583
5.82,2.051,7.355,11.62,0.118807053,0.113888521,0.123755278,0.121849307
4.19,1.743,4.862,9.796,0.110653995,0.109810671,0.112790289,0.116821155
3.69,1.674,4.129,8.954,0.108153057,0.108897127,0.109566327,0.114500045
3.4,1.754,3.741,8.478,0.106702513,0.109956309,0.107859782,0.113187873
3.21,1.695,3.641,8.157,0.105752157,0.109175162,0.107419951,0.112302985
3.18,1.673,3.509,7.746,0.105602101,0.108883887,0.106839374,0.111169996
3.26,1.703,3.443,7.646,0.106002251,0.10928108,0.106549085,0.11089433
3.25,1.676,3.363,7.348,0.105952232,0.108923607,0.10619722,0.110072845
3.1,1.608,3.309,6.909,0.105201951,0.108023302,0.105959711,0.10886267
2.97,1.55,3.21,6.758,0.104551707,0.107255395,0.105524279,0.108446414
2.89,1.543,3.134,6.59,0.104151557,0.107162717,0.105190007,0.107983295
2.85,1.552,3.091,7.158,0.103951482,0.107281875,0.10500088,0.109549079
3.29,1.778,3.264,9.919,0.106152307,0.110274063,0.105761787,0.117160224
5.5,1.858,6.151,12.64,0.117206452,0.111333245,0.118459711,0.124661103
5.51,1.52,5.258,9.52,0.117256471,0.106858202,0.11453202,0.116060316
4.02,1.462,4.228,8.371,0.109803676,0.106090295,0.110001759,0.112892911
3.53,1.427,3.976,7.352,0.107352757,0.105626903,0.108893385,0.110083871
3.25,1.415,3.644,7.159,0.105952232,0.105468026,0.107433146,0.109551836
3.23,1.654,3.57,10.28,0.105852195,0.108632332,0.107107671,0.118155379
4.53,1.822,7.65,38.58,0.112354633,0.110856613,0.12505278,0.196168928
13.9,2.361,37.799,33.27,0.159222208,0.117992851,0.25765746,0.18153105
9.97,1.982,14.108,18.75,0.139564837,0.112974977,0.153457072,0.141504311
5.84,1.551,11.513,17.88,0.11890709,0.107268635,0.142043455,0.139106014
5.66,1.504,12.3,16.12,0.118006753,0.106646366,0.145504926,0.134254288
4.56,1.53,9.796,13.02,0.112504689,0.1069906,0.134491555,0.125708635
4.18,1.475,7.485,11.92,0.110603976,0.106262412,0.124327058,0.122676306
4.08,1.855,7.31,27.63,0.110103789,0.111293526,0.123557354,0.165983474
10.5,5.198,22.413,29.49,0.142215831,0.155554084,0.189985046,0.171110866
9.55,2.558,11.551,16.21,0.137464049,0.120601086,0.142210591,0.134502388
5.59,1.856,7.386,11.88,0.117656621,0.111306766,0.123891626,0.122566039
4.58,1.694,5.952,11.61,0.112604727,0.109161922,0.117584448,0.12182174
4.67,1.639,7.265,12.97,0.113054896,0.108433735,0.12335943,0.125570801
5.28,1.632,6.865,14.41,0.11610604,0.108341057,0.121600106,0.129540395
5.19,1.621,11.96,19.49,0.115655871,0.108195419,0.1440095,0.143544241
6.24,1.962,11.341,17.45,0.12090784,0.112710181,0.141286946,0.137920649
6.25,1.797,10.45,24.22,0.120957859,0.110525619,0.137368051,0.156583255
12.5,2.287,19.517,41.61,0.152219582,0.117013107,0.177247537,0.204521616
17.7,3.046,29.774,58.29,0.178229336,0.127062095,0.222361013,0.250502746
20.2,5.326,43.151,78.25,0.190734025,0.157248775,0.28119722,0.30552573
34,5.356,38.014,47.36,0.25975991,0.157645968,0.258603096,0.220372425
18.4,2.872,24.869,69.31,0.181730649,0.124758374,0.200787298,0.280881167
33.6,9.73,45.271,68.41,0.25775916,0.215556732,0.29052164,0.278400171
28.6,4.817,26.299,34.88,0.232749781,0.150509731,0.207076882,0.185969277
12.5,2.734,14.59,23.01,0.152219582,0.122931286,0.155577058,0.153247693
8.88,2.273,10.399,18.87,0.134112792,0.116827751,0.137143737,0.14183511
7.61,2.322,8.698,18.87,0.12776041,0.117476499,0.12966221,0.14183511
7.43,2.944,8.786,24.02,0.126860073,0.125711638,0.130049261,0.156031922
11,3.747,13.228,26.1,0.144716769,0.136343175,0.149586559,0.16176578
10.5,2.794,10.289,18.27,0.142215831,0.123725672,0.136659923,0.140181113
7.4,2.372,7.82,15.2,0.126710016,0.118138488,0.125800493,0.131718159
6.49,2.291,7.015,42.36,0.122158309,0.117066066,0.122259852,0.206589113
24.2,6.018,37.792,59.44,0.210741528,0.166410698,0.257626671,0.253672908
22.1,4.324,22.981,32.42,0.200237589,0.143982524,0.192483286,0.179187887
11.5,2.943,13.88,21.78,0.147217707,0.125698398,0.152454258,0.149856998
8.71,2.511,10.391,17.77,0.133262473,0.119978816,0.13710855,0.138802781
7.3,2.347,8.675,15.4,0.126209829,0.117807494,0.129561049,0.132269491
6.44,2.254,7.601,15.49,0.121908216,0.116576195,0.124837262,0.132517591
6.08,2.354,7.052,20.48,0.12010754,0.117900172,0.12242259,0.146273337
8.47,3.208,21.788,65.22,0.132062023,0.129206938,0.187236101,0.269606418
32.2,6.524,38.308,55.08,0.250756534,0.173110023,0.2598962,0.24165386
20.7,4.196,19.728,31.18,0.193234963,0.142287833,0.178175581,0.175769626
11.9,2.905,12.489,23.44,0.149218457,0.125195287,0.146336207,0.154433058
9.5,2.525,9.644,19.71,0.137213955,0.120164173,0.133823012,0.144150707
7.96,2.441,8.26,17.59,0.129511067,0.119052032,0.127735749,0.138306582
7.24,2.371,8.738,17.71,0.125909716,0.118125248,0.129838142,0.138637382
6.98,2.349,8.873,15.38,0.124609228,0.117833973,0.130431914,0.132214358
6.32,2.252,7.441,14.3,0.12130799,0.116549715,0.124133533,0.129237163
5.89,2.555,6.705,13.35,0.119157184,0.120561366,0.120896376,0.126618333
5.55,2.62,6.109,12.78,0.117456546,0.121421952,0.118274982,0.125047036
5.26,2.601,5.821,12.13,0.116006002,0.121170396,0.117008269,0.123255205
5.1,2.59,5.547,11.81,0.115205702,0.121024758,0.115803132,0.122373073
4.97,2.572,5.363,11.44,0.114555458,0.120786442,0.114993842,0.121353108
4.91,2.536,5.369,11.74,0.114255346,0.120309811,0.115020232,0.122180107
5.09,2.519,5.651,11.67,0.115155683,0.120084735,0.116260556,0.12198714
4.9,2.481,5.518,12.37,0.114205327,0.119581623,0.115675581,0.123916804
5.06,2.57,5.584,20.34,0.115005627,0.120759963,0.115965869,0.145887404
9.96,4.029,10.722,38.84,0.139514818,0.140076791,0.138564391,0.196885661
18.2,4.251,16.385,41.47,0.180730274,0.14301602,0.163472027,0.204135683
17.5,4.678,28.091,100.9,0.177228961,0.148669403,0.214958656,0.367964136
67.4,13.076,59.856,82.47,0.426822558,0.25985701,0.354671006,0.317158846
38.2,6.417,29.314,57.03,0.280767788,0.171693367,0.22033779,0.247029352
19.7,10.759,27.898,63.62,0.188233087,0.229180458,0.214109782,0.265195757
21,10.935,34.524,50.23,0.194735526,0.231510658,0.243252991,0.228284047
16,7.678,24.169,40.8,0.169726147,0.18838872,0.19770848,0.202288719
12.9,5.261,21.284,33.32,0.154220333,0.15638819,0.185019353,0.181668883
11.3,4.666,16.059,30.45,0.146217331,0.148510526,0.162038177,0.173757262
10.7,6.149,14.753,55.25,0.143216206,0.168145108,0.156293983,0.242122492
23.6,10.345,43.478,82.34,0.207740403,0.223699192,0.282635468,0.31680048
24.7,14.279,38.611,52.2,0.213242466,0.275784457,0.261228888,0.233714672
14.1,12.391,19.446,43.76,0.160222583,0.250787766,0.176935257,0.21044844
13.4,13.091,24.243,63.13,0.15672127,0.260055607,0.198033955,0.263844993
23.5,11.821,29.837,108.4,0.207240215,0.243241096,0.222638107,0.388639105
45,16.918,33.342,62.52,0.314780543,0.310724216,0.238054187,0.262163429
21.3,10.701,21.671,45.96,0.196236089,0.228412551,0.186721499,0.216513098
16.1,8.93,17.115,56.48,0.170226335,0.204964915,0.166682794,0.245513187
17.8,15.705,35.339,79.89,0.178729524,0.294664372,0.246837614,0.310046657
24.7,20.247,35.247,65.09,0.213242466,0.354799417,0.24643297,0.269248051
20.3,14.248,25.904,66.21,0.191234213,0.275374024,0.20533955,0.272335513
25.7,19.017,43.93,129.3,0.218244342,0.338514498,0.284623505,0.446253351
63.4,21.638,86.322,229.8,0.406815056,0.373215941,0.471076707,0.723297933
107,36.505,134.357,196.1,0.624896836,0.570051635,0.682349578,0.630398407
79.4,34.49,81.599,138.5,0.486845067,0.543373494,0.450303483,0.471614646
43.7,21.929,51.652,90.63,0.308278104,0.377068714,0.318587262,0.339653212
28.2,17.979,40.499,87.73,0.230749031,0.324771614,0.269532899,0.331658891
30.1,17.624,42.889,129.9,0.240252595,0.320071495,0.280044863,0.447907349
59.9,25.744,75.818,162.6,0.389308491,0.427578446,0.424876847,0.538050213
66.3,37.629,65.734,126,0.421320495,0.584933139,0.380524279,0.437156365
44.3,23.692,37.812,79.39,0.31127923,0.400410433,0.257714638,0.308668325
24.7,16.419,27.124,58.4,0.213242466,0.304117569,0.210705489,0.250805979
19.8,11.017,22.29,49.85,0.188733275,0.232596319,0.189444053,0.227236515
17.5,9.139,19.495,44.41,0.177228961,0.207732027,0.177150774,0.212240271
15.8,8.322,17.002,39.81,0.168725772,0.196915133,0.166185785,0.199559623
14.2,7.896,15.17,36.81,0.160722771,0.19127499,0.158128079,0.191289636
13.1,7.036,13.947,32.22,0.155220708,0.179888786,0.152748944,0.178636555
12,5.187,12.636,29.67,0.149718644,0.155408447,0.146982759,0.171607065
11.2,4.883,11.576,27.54,0.145717144,0.151383556,0.142320549,0.165735374
10.6,4.718,10.662,26.45,0.142716019,0.149198994,0.138300493,0.162730612
10.1,4.546,10.088,24.38,0.140215081,0.146921753,0.135775862,0.157024321
9.71,4.474,9.585,23.95,0.138264349,0.145968489,0.133563512,0.155838956
10.6,5.906,16.159,90.54,0.142716019,0.164927843,0.162478008,0.339405112
49,20.436,63.809,151.7,0.334788046,0.357301734,0.37205753,0.508002591
70.4,19.581,61.497,137.3,0.441828186,0.345981729,0.361888635,0.468306651
60.2,16.046,55.209,140.4,0.390809053,0.299179134,0.334232055,0.476852305
63.3,18.538,78.054,177.8,0.406314868,0.332172647,0.434711471,0.579951483
86,23.046,101.157,156.3,0.519857447,0.39185754,0.536325651,0.520683239
62.9,19.19,49.472,131.1,0.404314118,0.340804978,0.308998944,0.451215344
45.5,26.018,88.908,173.5,0.317281481,0.431206143,0.482450739,0.568097834
72.6,29.088,86.027,196.3,0.452832312,0.471852244,0.469779205,0.630949739
94,23.219,101.679,156.1,0.559872452,0.394148021,0.538621569,0.520131906
59.9,25.873,67.635,152.1,0.389308491,0.429286376,0.388885468,0.509105256
66.3,25.184,48.397,98.55,0.421320495,0.420164173,0.30427076,0.361485979
35.7,17.524,33.042,82.78,0.268263099,0.318747518,0.236734694,0.318013411
30.9,15.662,35.514,73.66,0.244254095,0.294095062,0.247607319,0.292872649
24.5,14.707,39.213,136,0.212242091,0.281451079,0.263876671,0.46472299
57.6,19.291,73.749,122,0.377804177,0.342142195,0.415776742,0.426129715
46.7,20.163,51.448,87.13,0.323283731,0.353687277,0.317690007,0.330004893
30.3,13.131,32.982,63.21,0.24125297,0.260585198,0.236470795,0.264065526
21.6,10.915,24.583,51.71,0.197736651,0.231245863,0.199529381,0.232363907
17.9,9.445,19.74,44.81,0.179229711,0.211783397,0.17822836,0.213342936
15.8,8.7,16.759,41.37,0.168725772,0.201919767,0.165116995,0.203860017
15.4,8.314,16.06,49.17,0.166725022,0.196809215,0.162042576,0.225361984
19,8.886,24.328,71.25,0.184731774,0.204382365,0.198407811,0.286229092
27,11.607,59.032,154.4,0.22474678,0.240407785,0.351046798,0.51544558
66.7,24.381,67.548,254.1,0.423321245,0.409532636,0.388502815,0.790284832
103,47.382,84.536,181.2,0.604889334,0.714060638,0.463221323,0.589324135
61.6,27.863,44.166,111,0.397811679,0.455633523,0.285661506,0.395806427
34.8,17.793,30.166,75.25,0.263761411,0.322309016,0.224085151,0.297255742
23.9,15.098,24.699,63.81,0.209240965,0.28662783,0.200039585,0.265719523
20.7,14.125,22.218,109.1,0.193234963,0.273745532,0.189127375,0.390568768
44.3,20.454,81.723,153.9,0.31127923,0.35754005,0.450848874,0.514067249
62.6,20.069,57.871,97.96,0.402813555,0.352442738,0.345940359,0.359859548
32.7,16.653,34.943,90.79,0.253257472,0.307215676,0.245095883,0.340094278
34.2,15.992,43.259,86.84,0.260760285,0.298464186,0.281672238,0.329205461
29,15.043,47.679,106,0.234750531,0.285899643,0.301112773,0.382023115
34,16.006,65.539,138.4,0.25975991,0.298649543,0.379666608,0.47133898
62.9,17.34,53.079,83.9,0.404314118,0.316311399,0.324863652,0.321100873
29.5,11.257,28.897,60.6,0.237251469,0.235773865,0.218503695,0.256870637
21.9,10.324,23.573,59.33,0.199237214,0.223421157,0.195087087,0.253369675
21.1,11.263,27.995,70.24,0.195235713,0.235853303,0.214536418,0.283444863
24.9,11.462,33.226,63.19,0.214242841,0.238488018,0.237543983,0.264010393
22.5,10.145,26.411,71.23,0.202238339,0.221051238,0.207569493,0.286173959
33,12.42,40.975,127.5,0.254758034,0.25117172,0.271626495,0.441291359
64.9,16.102,46.245,91.41,0.414317869,0.299920561,0.294805595,0.341803409
39.1,13.401,34.803,108.3,0.285269476,0.264159936,0.24448012,0.388363438
49,16.434,46.507,125.2,0.334788046,0.304316166,0.295957952,0.434951035
58.9,19.562,81.688,203.6,0.384306615,0.345730173,0.450694933,0.651073375
103,31.913,74.698,159.7,0.604889334,0.509254601,0.419950739,0.530055891
64.5,24.87,70.267,151.9,0.412317119,0.416006885,0.400461823,0.508553924
60,22.313,60.923,112,0.389808678,0.382152787,0.359364004,0.39856309
41.8,18.541,42.446,119.4,0.29877454,0.332212366,0.278096411,0.418962392
60.1,22.307,34.981,114.3,0.390308866,0.382073348,0.245263019,0.404903413
50.6,18.782,29.414,220.7,0.342791047,0.335403151,0.220777621,0.698212304
75.5,29.596,48.786,160.6,0.467337752,0.478578048,0.305981703,0.532536888
46.3,21.118,38.242,107.3,0.321282981,0.366331259,0.259605911,0.385606776
36.5,16.885,34.73,85.22,0.272264599,0.310287303,0.244159043,0.324739668
29.8,15.549,31.031,89.57,0.238752032,0.292598967,0.22788969,0.33673115
31.1,16.807,35.052,76.91,0.24525447,0.309254601,0.245575299,0.301831802
26.4,11.958,27.855,79.76,0.221745655,0.245054945,0.213920654,0.30968829
31.2,15.078,29.432,265.2,0.245754658,0.286363035,0.220856791,0.820883786
136,41.906,110.532,222.3,0.769951232,0.641559645,0.577559817,0.702622964
91.3,32.943,95.978,182.6,0.546367388,0.522891566,0.513546798,0.593183463
71.3,25.78,67.655,168.2,0.446329874,0.428055077,0.388973434,0.553487523
79.4,22.549,80.029,203.7,0.486845067,0.385277373,0.443398135,0.651349042
103,33.316,97.254,210.3,0.604889334,0.527830001,0.519159043,0.669543014
78.7,44.949,76.537,156.8,0.483343754,0.681848272,0.428039233,0.52206157
50.5,27.788,61.675,191.2,0.342290859,0.45464054,0.362671534,0.61689076
83.5,29.257,102.524,154.7,0.507352757,0.474089766,0.542338142,0.516272579
56.5,24.649,68.903,159.1,0.372302113,0.413080895,0.394462526,0.528401894
67.9,22.38,69.517,226,0.429323496,0.383039852,0.397163089,0.712822616
80.9,33.247,63.25,139.2,0.49434788,0.526916457,0.369598874,0.47354431
45.3,19.526,45.053,93.19,0.316281105,0.345253542,0.289562808,0.346710268
32.3,14.771,34.856,74.32,0.251256721,0.282298424,0.24471323,0.294692046
26.9,11.594,34.703,121.7,0.224246592,0.240235668,0.244040289,0.425302716
38.9,16.877,45.939,85.82,0.284269101,0.310181385,0.293459711,0.326393665
26.5,14.87,34.535,70.17,0.222245842,0.283609162,0.243301372,0.283251897
22.2,12.712,28.873,80.91,0.200737777,0.255037733,0.218398135,0.312858452
25.8,18.214,48.114,99.76,0.218744529,0.32788296,0.303026038,0.364821541
33.8,15.475,42.808,74.98,0.258759535,0.291619224,0.2796886,0.296511444
24.2,12.364,32.928,65.88,0.210741528,0.250430293,0.236233286,0.271425815
22,12.137,28.63,61.27,0.199737402,0.247424864,0.217329346,0.258717601
20.9,11.628,26.756,71.17,0.194235338,0.24068582,0.209086911,0.286008559
24.9,10.343,47.875,116.1,0.214242841,0.223672713,0.301974842,0.409865406
52,8.592,76.35,111.3,0.349793673,0.200489872,0.427216749,0.396633426
42.4,10.984,43.54,71.55,0.301775666,0.232159407,0.282908163,0.287056091
24.7,9.068,31.562,62.09,0.213242466,0.206792003,0.230225194,0.260978064
23.8,7.735,30.717,58.38,0.208740778,0.189143387,0.226508621,0.250750846
21.6,7.839,25.613,49.53,0.197736651,0.190520323,0.204059641,0.226354383
17.8,7.568,21.168,61.78,0.178729524,0.186932345,0.184509148,0.260123498
29.2,9.942,38.995,93.22,0.235750907,0.218363564,0.26291784,0.346792968
35.8,14.662,46.101,80.6,0.268763286,0.280855289,0.294172238,0.312003887
32.4,10.112,33.854,57.9,0.251756909,0.220614325,0.240306122,0.249427648
21.4,7.47,24.745,46.13,0.196736276,0.185634847,0.200241907,0.21698173
17.4,6.085,19.97,40.86,0.176728773,0.167297762,0.179239972,0.202454119
15.9,5.616,17.454,40.86,0.16922596,0.161088309,0.168173821,0.202454119
18.3,4.928,17.958,40.43,0.181230461,0.151979346,0.17039057,0.201268754
17.1,4.95,17.211,64.58,0.175228211,0.152270621,0.167105032,0.267842154
24.6,5.873,43.225,62.84,0.212742278,0.164490931,0.281522695,0.263045561
22.7,5.978,43.716,102.4,0.203238715,0.165881107,0.283682266,0.37209913
41.9,8.933,56.009,64.95,0.299274728,0.205004634,0.337750704,0.268862119
21.6,7.211,27.074,50.25,0.197736651,0.182205746,0.210485574,0.22833918
19.4,6.453,20.712,52.39,0.186732525,0.172169999,0.182503519,0.234238438
24.8,7.497,26.17,76.74,0.213742653,0.185992321,0.2065095,0.30136317
38,8.789,33.019,62.72,0.279767413,0.203098107,0.236633533,0.262714761
23.1,7.269,29.332,49.5,0.205239465,0.182973653,0.22041696,0.226271683
18.5,6.176,21.34,40.47,0.182230837,0.168502582,0.185265658,0.20137902
15.9,5.44,16.643,35.43,0.16922596,0.158758109,0.164606791,0.187485441
14.2,4.751,14.222,31.7,0.160722771,0.149635906,0.15395848,0.17720309
13.2,4.352,12.948,29.57,0.155720895,0.144353237,0.148355032,0.171331399
12.3,4.027,12.2,27.77,0.151219207,0.140050311,0.145065095,0.166369407
11.6,3.947,11.433,25.67,0.147717894,0.138991129,0.14169159,0.160580415
10.7,3.744,10.318,24.25,0.143216206,0.136303456,0.136787474,0.156665955
10.4,3.607,9.852,23.77,0.141715643,0.134489607,0.134737861,0.155342757
10.2,3.598,9.415,22.66,0.140715268,0.134370449,0.132815799,0.152282861
9.7,3.495,9.01,21.52,0.13821433,0.133006752,0.131034483,0.149140266
9.17,3.372,8.447,19.85,0.135563336,0.13137826,0.128558234,0.144536639
8.75,3.171,8.095,19.57,0.133462548,0.128717066,0.127010028,0.143764774
8.58,3.447,7.789,19.38,0.13261223,0.132371243,0.125664145,0.143241008
8.45,3.479,7.571,18.88,0.131961986,0.132794916,0.124705313,0.141862677
8.33,3.437,7.4,18.71,0.131361761,0.132238845,0.123953202,0.141394044
8.32,3.468,7.337,19.71,0.131311742,0.132649278,0.123676108,0.144150707
8.79,3.78,7.792,19.71,0.133662623,0.136780087,0.12567734,0.144150707
8.75,3.467,8.093,19.44,0.133462548,0.132636039,0.127001232,0.143406408
8.66,3.482,7.416,19.19,0.13301238,0.132834635,0.124023575,0.142717242
8.47,3.317,7.303,19.12,0.132062023,0.130650073,0.123526566,0.142524276
8.29,4.039,8.178,32.45,0.131161686,0.140209188,0.127375088,0.179270587
17.7,4.668,15.9,33.44,0.178229336,0.148537005,0.161338846,0.181999683
15.3,3.572,11.195,27.08,0.166224834,0.134026215,0.140644792,0.164467309
12.9,3.315,9.547,22.33,0.154220333,0.130623593,0.133396376,0.151373163
10.2,3.063,8.038,19.38,0.140715268,0.127287171,0.126759324,0.143241008
8.94,2.962,7.129,17.92,0.134412905,0.125949954,0.12276126,0.139216281
8.26,2.907,6.654,16.98,0.131011629,0.125221766,0.120672062,0.136625018
7.83,2.857,6.213,16.26,0.128860823,0.124559778,0.118732407,0.134640221
7.57,2.812,6.036,15.72,0.127560335,0.123963988,0.117953906,0.133151623
7.37,2.786,5.854,14.89,0.12655996,0.123619754,0.117153413,0.130863593
7.15,2.583,5.711,13.56,0.125459547,0.12093208,0.116524455,0.127197232
6.93,2.433,5.495,12.56,0.124359135,0.118946114,0.115574419,0.12444057
6.73,2.441,5.348,11.91,0.12335876,0.119052032,0.114927868,0.122648739
6.56,2.384,5.003,11.54,0.122508441,0.118297365,0.11341045,0.121628774
6.69,2.361,4.787,11.73,0.123158685,0.117992851,0.112460415,0.12215254
6.6,2.329,4.733,12.3,0.122708516,0.117569178,0.112222906,0.123723838
6.46,2.308,4.694,12.14,0.122008253,0.117291143,0.112051372,0.123282772
6.4,2.301,4.597,12.12,0.121708141,0.117198464,0.111624736,0.123227638
6.47,2.276,4.547,12.01,0.122058272,0.11686747,0.111404821,0.122924405
6.39,2.278,4.424,11.82,0.121658122,0.116893949,0.110863828,0.12240064
6.28,2.28,4.394,11.5,0.121107915,0.116920429,0.110731879,0.121518508
6.14,2.214,4.374,11.2,0.120407653,0.116046604,0.110643913,0.120691509
6.02,2.198,4.38,11.47,0.119807428,0.115834768,0.110670303,0.121435808
6.02,2.249,4.385,12.04,0.119807428,0.116509996,0.110692294,0.123007105
6.15,2.334,4.727,14.42,0.120457672,0.117635377,0.112196517,0.129567962
7.59,3.708,5.488,14.61,0.127660373,0.135826824,0.115543631,0.130091728
7.65,2.72,5.471,13.72,0.127960485,0.122745929,0.11546886,0.127638298
7.51,2.405,5.433,13.68,0.127260223,0.118575401,0.115301724,0.127528032
7.38,2.32,5.403,12.64,0.126609979,0.11745002,0.115169775,0.124661103
6.36,2.276,4.989,12.27,0.121508066,0.11686747,0.113348874,0.123641138
6,2.219,4.692,11.81,0.11970739,0.116112803,0.112042576,0.122373073
5.79,2.177,4.634,12.16,0.118656996,0.115556732,0.111787474,0.123337905
6.07,2.666,5.406,17.4,0.120057522,0.122030981,0.11518297,0.137782816
9.55,3.717,6.442,17.25,0.137464049,0.135945982,0.11973962,0.137369317
8.81,2.495,5.97,14.84,0.133762661,0.11976698,0.117663617,0.13072576
7.17,2.533,5.552,16.49,0.125559585,0.120270091,0.115825123,0.135274253
7.82,3.028,8.649,21.29,0.128810804,0.126823779,0.129446692,0.148506234
9.57,2.443,9.998,18.77,0.137564087,0.119078512,0.135380014,0.141559444
7.71,2.414,9.041,17.06,0.128260598,0.118694558,0.13117083,0.136845551
7.15,2.228,7.554,14.69,0.125459547,0.116231961,0.124630542,0.130312261
6.39,2.109,6.24,13.33,0.121658122,0.114656428,0.118851161,0.1265632
5.96,2.032,5.587,12.12,0.119507315,0.113636965,0.115979064,0.123227638
5.92,2.241,5.576,12.06,0.11930724,0.116404078,0.115930683,0.123062239
6.19,2.187,5.515,14.73,0.120657747,0.11568913,0.115662386,0.130422527
6.11,2.044,7.426,13.59,0.120257597,0.113795843,0.124067558,0.127279932
5.68,1.995,6.128,12.16,0.11810679,0.113147094,0.11835855,0.123337905
5.45,1.956,5.36,11.54,0.116956359,0.112630743,0.114980647,0.121628774
5.38,1.979,5.043,10.68,0.116606227,0.112935258,0.113586383,0.119258044
5.07,1.874,4.548,10.16,0.115055646,0.111545081,0.111409219,0.11782458
4.94,1.865,4.402,10.48,0.114405402,0.111425923,0.110767065,0.118706712
5.09,2.045,4.419,10.31,0.115155683,0.113809082,0.110841837,0.118238079
5.08,1.914,4.263,10.09,0.115105665,0.112074672,0.1101557,0.117631613
4.9,1.842,4.247,9.709,0.114205327,0.111121409,0.110085327,0.116581325
4.7,1.82,4.109,9.328,0.113204952,0.110830134,0.10947836,0.115531037
4.42,1.786,3.991,8.953,0.111804427,0.110379981,0.10895936,0.114497288
4.35,1.78,3.88,9.006,0.111454295,0.110300543,0.108471147,0.114643391
4.41,1.801,3.899,8.962,0.111754408,0.110578578,0.108554715,0.114522098
4.63,1.79,3.858,8.938,0.112854821,0.110432941,0.108374384,0.114455938
4.45,1.762,4.028,8.594,0.111954483,0.110062227,0.109122097,0.113507646
4.25,1.71,4.839,12.8,0.110954108,0.109373759,0.112689127,0.125102169
5.19,1.67,8.061,11.43,0.115655871,0.108844168,0.126860486,0.121325541
4.89,1.597,5.474,9.522,0.114155308,0.107877665,0.115482055,0.116065829
4.27,1.595,4.403,8.454,0.111054145,0.107851185,0.110771464,0.113121714
3.99,1.617,3.947,8.221,0.10965362,0.10814246,0.108765834,0.112479411
3.97,1.636,3.879,8.236,0.109553583,0.108394016,0.108466749,0.112520761
4.1,1.643,3.711,7.895,0.110203826,0.108486694,0.107727833,0.111580739
3.86,1.569,3.548,7.297,0.109003376,0.107506951,0.107010908,0.109932255
3.62,1.555,3.453,6.596,0.107802926,0.107321594,0.106593068,0.107999835
3.48,1.55,3.28,6.59,0.107102663,0.107255395,0.10583216,0.107983295
3.39,1.458,3.093,6.517,0.106652495,0.106037336,0.105009676,0.107782058
3.32,1.305,3.032,6.622,0.106302363,0.104011651,0.104741379,0.108071508
3.38,1.315,3.055,6.516,0.106602476,0.104144049,0.10484254,0.107779302
3.4,1.338,3.043,6.486,0.106702513,0.104448563,0.104789761,0.107696602
3.45,1.32,3.076,6.481,0.106952607,0.104210248,0.104934905,0.107682818
3.41,1.317,3.053,6.434,0.106752532,0.104170528,0.104833744,0.107553255
3.6,1.341,3.074,6.253,0.107702889,0.104488283,0.104926108,0.107054299
3.45,1.337,3.07,6.155,0.106952607,0.104435324,0.104908515,0.106784146
3.58,1.302,3.653,8.088,0.107602851,0.103971932,0.10747273,0.112112775
4.19,1.254,4.302,7.286,0.110653995,0.103336423,0.110327234,0.109901932
3.62,1.247,3.565,6.438,0.107802926,0.103243744,0.107085679,0.107564282
3.48,1.29,3.375,6.496,0.107102663,0.103813054,0.10625,0.107724168
3.53,1.443,3.257,6.782,0.107352757,0.10583874,0.105730999,0.108512574
3.83,1.4,3.82,8.683,0.10885332,0.105269429,0.108207248,0.113752989
5.01,1.472,3.854,8.091,0.114755533,0.106222693,0.108356791,0.112121045
4.02,1.55,3.424,7.021,0.109803676,0.107255395,0.106465517,0.109171416
3.71,1.365,3.231,6.687,0.108253095,0.104806037,0.105616643,0.108250691
3.69,1.465,3.178,7.742,0.108153057,0.106130015,0.105383533,0.11115897
3.9,1.559,4.703,9.991,0.109203451,0.107374553,0.112090957,0.117358704
3.79,1.384,7.386,9.033,0.108653245,0.105057593,0.123891626,0.114717821
3.83,1.265,5.141,7.94,0.10885332,0.10348206,0.114017417,0.111704789
3.78,1.467,4.092,7.088,0.108603226,0.106156494,0.109403589,0.109356113
3.4,1.28,3.569,6.707,0.106702513,0.103680657,0.107103272,0.108305824
3.31,1.194,3.558,6.377,0.106252345,0.102542036,0.107054891,0.107396126
3.3,1.214,3.365,5.951,0.106202326,0.102806832,0.106206017,0.106221787
3.2,1.203,3.184,5.619,0.105702138,0.102661194,0.105409923,0.105306575
3.16,1.204,3.087,5.541,0.105502063,0.102674434,0.104983286,0.105091556
3.13,1.185,2.992,5.406,0.105352007,0.102422878,0.104565447,0.104719406
3.06,1.156,2.864,5.287,0.105001876,0.102038925,0.104002463,0.104391363
2.78,1.143,2.722,5.201,0.103601351,0.101866808,0.103377903,0.10415429
2.66,1.117,2.588,5.046,0.103001125,0.101522574,0.102788529,0.103727008
2.55,1.117,2.96,5.491,0.102450919,0.101522574,0.104424701,0.104953723
2.66,1.101,3.038,5.234,0.103001125,0.101310737,0.104767769,0.10424526
2.62,1.096,2.808,4.814,0.10280105,0.101244539,0.103756158,0.103087462
2.43,1.068,2.537,4.433,0.101850694,0.100873825,0.102564215,0.102037174
2.43,1.058,2.402,4.578,0.101850694,0.100741427,0.101970443,0.10243689
2.43,1.075,2.386,4.605,0.101850694,0.100966503,0.10190007,0.10251132
2.45,1.097,2.355,4.596,0.101950732,0.101257778,0.101763723,0.10248651
2.51,1.073,2.309,4.696,0.102250844,0.100940024,0.1015614,0.102762176
2.4,1.077,2.293,4.581,0.101700638,0.100992983,0.101491027,0.10244516
2.36,1.072,2.299,4.259,0.101500563,0.100926784,0.101517417,0.101557514
2.34,1.084,2.252,4.145,0.101400525,0.101085661,0.101310697,0.101243255
2.37,1.087,2.185,4.151,0.101550581,0.101125381,0.10101601,0.101259795
2.5,1.102,2.27,4.447,0.102200825,0.101323977,0.101389866,0.102075767
2.59,1.115,2.229,4.381,0.102650994,0.101496094,0.101209536,0.101893827
2.51,1.072,2.211,4.202,0.102250844,0.100926784,0.101130366,0.101400385
2.44,1.055,2.164,4.075,0.101900713,0.100701708,0.100923645,0.101050288
2.41,1.037,2.157,3.858,0.101750656,0.100463392,0.100892857,0.100452093
2.37,1.043,2.121,4.121,0.101550581,0.100542831,0.100734518,0.101177095
2.34,1.032,2.104,4.175,0.101400525,0.100397193,0.100659747,0.101325955
2.35,1.036,2.125,4.011,0.101450544,0.100450152,0.100752111,0.100873862
2.39,1.018,2.167,3.965,0.101650619,0.100211836,0.10093684,0.100747056
2.27,1.016,2.092,4.138,0.101050394,0.100185357,0.100606967,0.101223958
2.13,1.004,2.044,3.694,0.100350131,0.10002648,0.100395848,0.1
2.08,1.038,2.021,3.757,0.100100038,0.100476632,0.100294687,0.10017367
2.06,1.002,1.996,3.748,0.1,0.1,0.100184729,0.10014886
2.11,1.015,1.954,4.245,0.100250094,0.100172117,0.1,0.101518921
2.17,1.06,2.098,4.55,0.100550206,0.100767907,0.100633357,0.102359703
2.38,1.102,2.109,4.548,0.1016006,0.101323977,0.100681738,0.10235419
2.23,1.06,2.112,4.429,0.100850319,0.100767907,0.100694933,0.102026147
2.19,1.037,2.197,4.621,0.100650244,0.100463392,0.10106879,0.102555426
2.24,1.041,2.255,4.633,0.100900338,0.100516351,0.101323892,0.102588506
2.26,1.099,2.287,4.687,0.101000375,0.101284258,0.101464638,0.102737366
2.27,1.105,2.31,4.772,0.101050394,0.101363697,0.101565799,0.102971682
2.4,1.176,2.3,4.936,0.101700638,0.10230372,0.101521816,0.103423775
2.55,1.156,2.308,5.218,0.102450919,0.102038925,0.101557002,0.104201154
2.88,1.165,2.447,5.341,0.104101538,0.102158083,0.102168367,0.104540223
2.72,1.14,2.409,5.253,0.103301238,0.101827089,0.102001232,0.104297637
2.66,1.142,2.377,8.918,0.103001125,0.101853568,0.101860486,0.114400805
5.09,3.535,3.645,22.79,0.115155683,0.133536343,0.107437544,0.152641227
9.26,9.589,5.906,20.01,0.136013505,0.213689925,0.117382125,0.144977705
7.62,3.833,5.586,11.31,0.127810429,0.137481795,0.115974666,0.120994742
5.51,1.91,3.879,15.12,0.117256471,0.112021713,0.108466749,0.131497626
8.24,3.868,4.582,18.72,0.130911592,0.137945187,0.111558761,0.141421611
8.44,2.334,6.838,14.16,0.131911967,0.117635377,0.121481351,0.12885123
5.69,1.906,5.137,10.98,0.118156809,0.111968754,0.113999824,0.120085043
4.82,1.644,4.149,9.331,0.113805177,0.108499934,0.109654293,0.115539307
4.18,1.483,3.766,8.33,0.110603976,0.10636833,0.10796974,0.112779887
3.73,1.379,3.409,7.606,0.108353132,0.104991394,0.106399543,0.110784064
3.6,1.324,3.219,7.519,0.107702889,0.104263207,0.105563863,0.110544234
3.67,1.344,3.182,7.272,0.10805302,0.104528002,0.105401126,0.109863338
3.39,1.324,3.103,6.839,0.106652495,0.104263207,0.105053659,0.108669704
3.2,1.3,2.993,6.588,0.105702138,0.103945452,0.104569845,0.107977781
3.1,1.265,2.875,6.28,0.105201951,0.10348206,0.104050844,0.107128729
3.04,1.293,2.768,6.04,0.104901838,0.103852774,0.103580225,0.10646713
2.93,1.271,2.692,6.284,0.104351632,0.103561499,0.103245954,0.107139756
3,1.335,5.028,13.2,0.104701763,0.104408844,0.113520408,0.126204834
5.79,1.444,7.818,18.67,0.118656996,0.105851979,0.125791696,0.141283778
5.62,2.727,15.249,17.88,0.117806678,0.122838607,0.158475545,0.139106014
5.57,2.22,8.653,12.14,0.117556584,0.116126043,0.129464286,0.123282772
4.32,1.7,6.861,10.73,0.111304239,0.109241361,0.121582512,0.119395877
4.16,1.472,5.529,9.433,0.110503939,0.106222693,0.115723962,0.115820486
3.71,1.447,4.715,8.584,0.108253095,0.105891699,0.112143737,0.11348008
3.53,1.65,4.176,9.635,0.107352757,0.108579372,0.109773047,0.116377332
3.66,1.517,6.432,11.2,0.108003001,0.106818483,0.119695637,0.120691509
5.01,1.427,6.424,24.47,0.114755533,0.105626903,0.11966045,0.15727242
9.34,1.434,25.34,31.62,0.136413655,0.105719582,0.202858902,0.176982557
12.3,1.533,15.576,32.1,0.151219207,0.107030319,0.159913793,0.178305755
15.5,1.724,32.467,56.63,0.167225209,0.109559116,0.234205665,0.245926687
22.9,2.36,24.877,28.7,0.20423909,0.117979611,0.200822484,0.168933103
10.3,1.793,15.635,20.15,0.141215456,0.11047266,0.160173293,0.145363638
8,1.621,10.189,12.82,0.129711142,0.108195419,0.136220091,0.125157302
5.82,1.5,7.297,11.69,0.118807053,0.106593407,0.123500176,0.122042273
4.98,1.461,6.036,9.747,0.114605477,0.106077055,0.117953906,0.116686078
4.5,1.468,5.177,9.052,0.112204577,0.106169734,0.114175757,0.114770198
4.18,1.454,4.547,8.775,0.110603976,0.105984377,0.111404821,0.114006602
3.91,1.449,4.168,8.092,0.10925347,0.105918178,0.109737861,0.112123802
3.69,1.441,3.903,8.045,0.108153057,0.10581226,0.108572308,0.111994239
3.52,1.423,3.932,8.661,0.107302739,0.105573944,0.108699859,0.113692343
3.74,1.733,5.595,17.19,0.108403151,0.109678274,0.116014251,0.137203917
5.67,1.546,13.412,14.48,0.118056771,0.107202436,0.150395848,0.129733362
5.19,1.452,7.035,11.44,0.115655871,0.105957898,0.122347818,0.121353108
4.34,1.455,7.187,12.02,0.111404277,0.105997617,0.123016362,0.122951972
4.62,1.466,6.823,10.47,0.112804802,0.106143254,0.121415376,0.118679145
4.01,1.419,5.424,9.249,0.109753658,0.105520985,0.115262139,0.11531326
3.7,1.387,4.831,9.187,0.108203076,0.105097312,0.112653941,0.115142347
3.85,1.417,5.047,13.35,0.108953358,0.105494505,0.113603976,0.126618333
5.26,1.972,12.358,22.87,0.116006002,0.112842579,0.145760028,0.15286176
9.27,1.585,12.167,15.78,0.136063524,0.107718787,0.144919951,0.133317023
6.06,1.47,8.007,13.41,0.120007503,0.106196213,0.126622977,0.126783733
5.19,1.419,7.619,11.75,0.115655871,0.105520985,0.124916432,0.122207673
4.55,1.405,6.241,10.26,0.112454671,0.105335628,0.118855559,0.118100246
4.12,1.399,5.355,9.343,0.110303864,0.10525619,0.114958656,0.115572387
3.88,1.427,4.849,8.601,0.109103414,0.105626903,0.11273311,0.113526943
3.66,1.347,4.486,8.094,0.108003001,0.104567721,0.111136524,0.112129315
3.55,1.371,4.184,7.742,0.107452795,0.104885476,0.109808234,0.11115897
3.48,1.354,3.943,7.14,0.107102663,0.1046604,0.108748241,0.109499459
3.27,1.299,3.933,6.907,0.10605227,0.103932212,0.108704258,0.108857157
3.21,1.283,3.725,6.761,0.105752157,0.103720376,0.107789409,0.108454684
3.13,1.311,3.547,6.478,0.105352007,0.10409109,0.10700651,0.107674548
3.1,1.339,3.527,6.395,0.105201951,0.104461803,0.106918543,0.107445745
3.19,1.37,3.497,6.783,0.10565212,0.104872236,0.106786594,0.10851533
3.31,1.509,3.517,7.23,0.106252345,0.106712565,0.10687456,0.109747559
3.39,1.603,3.619,10.64,0.106652495,0.107957103,0.107323188,0.119147778
5.5,2.813,14.232,59.55,0.117206452,0.123977228,0.154002463,0.253976141
31.1,4.94,33.155,35.39,0.24525447,0.152138223,0.237231703,0.187375175
11.9,2.44,13.649,20,0.149218457,0.119038793,0.151438248,0.144950139
7.77,1.893,9.243,17.3,0.12856071,0.111796637,0.132059289,0.13750715
7.29,2.075,10.698,76.99,0.12615981,0.114206276,0.138458832,0.302052335
52.8,3.8,58.582,66.66,0.353795173,0.137044883,0.349067558,0.273576012
27.4,3.003,21.62,31.58,0.22674753,0.126492784,0.186497185,0.176872291
13.2,2.046,12.586,21.68,0.155720895,0.113822322,0.146762843,0.149581332
9.66,1.773,9.36,18.17,0.138014255,0.110207864,0.132573892,0.139905446
8.95,1.682,7.933,16.77,0.134462924,0.109003045,0.126297502,0.136046119
8.1,1.684,7.173,20.67,0.130211329,0.109029525,0.122954785,0.146797103
10.7,1.732,12.391,22.52,0.143216206,0.109665034,0.145905172,0.151896928
9.56,1.715,11.404,37.03,0.137514068,0.109439958,0.141564039,0.191896101
20.7,1.75,45.111,88.54,0.193234963,0.10990335,0.28981791,0.333891787
36,2.334,42.925,45.18,0.269763661,0.117635377,0.280203202,0.214362901
15.8,2.283,21.997,33.22,0.168725772,0.116960148,0.188155348,0.181393217
13.3,2.226,15.471,25.97,0.156221083,0.116205481,0.15945197,0.161407414
11.2,1.974,12.264,22.97,0.145717144,0.112869059,0.145346587,0.153137427
10.2,1.901,10.69,21.25,0.140715268,0.111902555,0.138423645,0.148395967
9.5,2.022,9.849,18.87,0.137213955,0.113504568,0.134724666,0.14183511
8.31,1.992,8.34,16.8,0.131261723,0.113107375,0.128087614,0.136128819
7.55,1.999,7.615,19.35,0.127460298,0.113200053,0.124898839,0.143158308
9.34,3.295,8.991,38.07,0.136413655,0.130358798,0.130950915,0.19476303
16.1,7.192,15.428,36.07,0.170226335,0.18195419,0.159262843,0.189249705
15,3.872,12.333,27.62,0.164724272,0.137998146,0.14565007,0.165955907
12.5,3.226,10.019,29.03,0.152219582,0.129445254,0.135472379,0.169842801
13.5,3.842,9.997,26.62,0.157221458,0.137600953,0.135375616,0.163199245
11.6,3.313,9.14,22.38,0.147717894,0.130597114,0.131606263,0.151510996
9.78,2.815,8.25,25.32,0.13861448,0.124003707,0.127691766,0.159615583
12.2,2.872,17.482,36.19,0.15071902,0.124758374,0.168296974,0.189580505
14.6,3.053,16.237,25.58,0.162723521,0.127154773,0.162821077,0.160332316
10.5,2.343,11.334,21.41,0.142215831,0.117754535,0.141256158,0.148837033
9.3,2.133,9.82,20,0.13621358,0.114974182,0.134597115,0.144950139
8.97,2.168,9.158,19.4,0.134562961,0.115437574,0.131685433,0.143296141
9.2,2.182,8.597,19.1,0.135713393,0.115622931,0.12921798,0.142469143
9.14,2.141,8.141,18.54,0.13541328,0.115080101,0.12721235,0.140925412
9.37,2.105,7.68,17.29,0.136563711,0.114603469,0.125184729,0.137479583
8.34,2.035,7.144,15.99,0.131411779,0.113676685,0.122827234,0.133895922
7.66,2.147,6.618,15.33,0.128010504,0.115159539,0.120513723,0.132076525
7.63,2.16,6.434,14.81,0.127860448,0.115331656,0.119704433,0.13064306
7.06,2.133,6.074,35.64,0.125009379,0.114974182,0.118121042,0.188064341
22.4,10.927,28.575,99.21,0.201738152,0.23140474,0.217087438,0.363305376
57.8,10.534,35.348,63.44,0.378804552,0.226201509,0.246877199,0.264699558
28.3,5.521,19.24,38.36,0.231249218,0.159830531,0.176029205,0.195562463
16.9,3.969,13.227,25.95,0.174227835,0.139282404,0.14958216,0.161352281
11.7,3.15,8.956,19.98,0.148218082,0.128439031,0.130796974,0.144895006
11.2,2.51,9.15,16.57,0.145717144,0.119965577,0.131650246,0.135494786
8.4,2.514,9.163,16.63,0.131711892,0.120018536,0.131707424,0.135660186
8.99,2.513,9.176,15.82,0.134662999,0.120005296,0.131764602,0.13342729
7.61,2.413,9.116,17.9,0.12776041,0.118681319,0.131500704,0.139161148
8.34,3.01,7.561,18.88,0.131411779,0.126585463,0.12466133,0.141862677
8.74,3.142,7.501,21.18,0.13341253,0.128333113,0.124397431,0.148203001
10.2,3.421,9.147,22.95,0.140715268,0.132027009,0.131637051,0.153082293
10.1,3.567,10.537,30.86,0.140215081,0.133960016,0.137750704,0.174887494
15.3,3.899,17.17,48.28,0.166224834,0.13835562,0.166924701,0.222908555
23.9,5.143,26.772,69.82,0.209240965,0.154825897,0.209157284,0.282287065
34.5,7.975,32.605,87.5,0.262260848,0.192320932,0.234812632,0.331024858
44,13.713,47.777,111.7,0.309778667,0.268290745,0.301543807,0.397736091
53.7,14.281,57.158,128.9,0.358296861,0.275810936,0.342804363,0.445150686
61,15.158,54.12,58.66,0.394810554,0.287422216,0.329442294,0.251522711
21.9,9.286,24.243,66.55,0.199237214,0.209678274,0.198033955,0.273272779
30.5,11.385,30.107,101.4,0.242253345,0.237468556,0.223825651,0.369342467
48.6,12.263,69.089,100.9,0.332787295,0.249093076,0.395280612,0.367964136
40.1,9.853,39.237,61.25,0.290271352,0.217185224,0.263982231,0.258662467
21.8,8.242,25.492,46.7,0.198737026,0.195855951,0.203527445,0.218553028
17.2,7.6,19.15,39.46,0.175728398,0.187356017,0.175633357,0.198594791
15.1,6.585,15.745,32.78,0.165224459,0.173917649,0.160657108,0.180180286
13.7,4.042,13.593,29.13,0.158221833,0.140248908,0.151191942,0.170118468
12.5,3.774,12.169,27.66,0.152219582,0.136700649,0.144928747,0.166066174
12.1,3.825,11.75,27.16,0.150218832,0.137375877,0.143085855,0.164687842
12.1,3.863,11.333,25.62,0.150218832,0.137878988,0.141251759,0.160442582
11.2,3.601,10.391,23.95,0.145717144,0.134410168,0.13710855,0.155838956
10.5,3.529,9.936,22.13,0.142215831,0.133456905,0.135107319,0.15082183
9.78,3.288,9.025,20.28,0.13861448,0.130266119,0.131100457,0.145722004
9.04,3.059,8.265,18.58,0.134913092,0.127234212,0.127757741,0.141035678
8.38,2.972,7.512,18.11,0.131611854,0.126082351,0.124445813,0.139740047
8.23,3.045,7.362,18.05,0.130861573,0.127048855,0.123786066,0.139574647
8.27,3.153,7.116,18.26,0.131061648,0.12847875,0.122704082,0.140153546
8.38,2.978,7.251,18.13,0.131611854,0.12616179,0.123297854,0.13979518
8.59,3.055,7.005,19.88,0.132662248,0.127181252,0.122215869,0.144619339
10,3.22,6.945,21.32,0.139714893,0.129365815,0.12195197,0.148588933
10.3,3.351,6.835,21.32,0.141215456,0.131100225,0.121468156,0.148588933
10,3.647,6.876,21.71,0.139714893,0.135019198,0.121648487,0.149664032
11.1,3.79,7.001,25.15,0.145216956,0.136912485,0.122198276,0.159146951
13.3,4.164,7.111,24.38,0.156221083,0.14186416,0.12268209,0.157024321
11.9,3.645,7.004,21.76,0.149218457,0.134992718,0.122211471,0.149801865
10.2,3.266,6.709,19.01,0.140715268,0.129974844,0.120913969,0.142221043
9.04,3.008,6.578,17.25,0.134913092,0.126558983,0.12033779,0.137369317
8.2,2.778,6.341,60.62,0.130711517,0.123513836,0.119295391,0.25692577
29.7,10.643,48.989,160.9,0.238251844,0.227644645,0.30687456,0.533363886
82.2,19.005,98.641,220.2,0.500850319,0.33835562,0.5252595,0.696833973
133,40.81,105.632,232.8,0.754945605,0.627048855,0.556008093,0.731567921
139,37.481,70.855,178.9,0.784956859,0.582973653,0.40304803,0.582983811
83.3,23.768,40.948,114.5,0.506352382,0.401416656,0.271507741,0.405454746
51.8,14.671,32.196,127.4,0.348793297,0.280974447,0.233013723,0.441015692
77.6,14.091,61.799,126.7,0.477841691,0.273295379,0.363216925,0.439086029
59.8,12.767,44.598,139.5,0.388808303,0.255765921,0.287561576,0.474371309
60.5,20.272,84.129,111.4,0.392309616,0.355130412,0.46143121,0.396909092
39.8,16.058,39.72,69.55,0.288770789,0.299338011,0.266106615,0.281542766
23.2,12.67,25.713,54.79,0.205739652,0.254481663,0.204499472,0.240854428
20.3,10.099,20.678,52.58,0.191234213,0.220442208,0.182353976,0.234762203
25.6,9.698,21.294,66,0.217744154,0.21513306,0.185063336,0.271756614
34,10.331,22.41,91.42,0.25975991,0.223513836,0.189971851,0.341830975
46.2,11.723,55.429,104.7,0.320782794,0.241943599,0.335199683,0.378439453
49.3,11.821,40.513,74.81,0.336288608,0.243241096,0.269594476,0.296042811
30.2,10.042,27.288,58.99,0.240752782,0.219687541,0.211426812,0.25243241
22.3,10.226,21.646,50.42,0.201237964,0.222123659,0.186611541,0.228807812
19.3,9.111,19.006,44.56,0.186232337,0.207361313,0.175,0.21265377
17.4,8.478,16.559,42.51,0.176728773,0.198980538,0.164237333,0.207002612
17.5,7.769,17.177,42.84,0.177228961,0.189593539,0.166955489,0.207912311
19.6,5.409,19.074,49.6,0.1877329,0.158347676,0.175299085,0.226547349
25.9,5.233,19.665,52.67,0.219244717,0.156017476,0.177898487,0.235010303
25.6,5.108,19.829,45.33,0.217744154,0.154362505,0.17861981,0.2147764
19.7,4.779,15.523,36.83,0.188233087,0.15000662,0.159680683,0.191344769
16.3,4.453,12.839,33.24,0.17122671,0.145690454,0.147875616,0.18144835
15.2,3.66,11.669,31.39,0.165724647,0.135191315,0.142729592,0.176348525
14.6,3.421,11.301,28.85,0.162723521,0.132027009,0.141111013,0.169346602
13.4,3.847,10.577,26.76,0.15672127,0.137667152,0.137926636,0.163585177
12.3,3.607,10.328,25.89,0.151219207,0.134489607,0.136831457,0.161186881
12.2,3.563,10.101,29.22,0.15071902,0.133907057,0.13583304,0.170366567
13.1,4.44,11.427,30.08,0.155220708,0.145518337,0.141665201,0.172737297
12.6,4.22,10.898,27.33,0.15271977,0.142605587,0.139338494,0.165156475
12,4.02,9.864,26.48,0.149718644,0.139957633,0.13479064,0.162813312
12.2,4.294,9.598,29.56,0.15071902,0.14358533,0.13362069,0.171303832
13.8,6.458,11.129,38.89,0.158722021,0.172236198,0.140354504,0.197023494
17.7,8.4,12.863,39.75,0.178229336,0.197947835,0.147981175,0.199394223
17.2,7.2,14.177,39.42,0.175728398,0.182060109,0.153760556,0.198484525
16.7,6.468,16.589,40.85,0.17322746,0.172368595,0.164369282,0.202426552
17.4,5.955,17.508,38.01,0.176728773,0.165576592,0.16841133,0.194597631
16,5.452,15.628,43.07,0.169726147,0.158916987,0.160142505,0.208546343
21.3,6.23,19.665,46.38,0.196236089,0.169217529,0.177898487,0.217670896
20.3,6.583,18.906,49.81,0.191234213,0.173891169,0.174560169,0.227126248
22.4,6.125,22.591,46.05,0.201738152,0.167827353,0.190767945,0.216761197
19.9,5.371,18.738,38.93,0.189233463,0.157844565,0.173821253,0.19713376
16.9,5.032,15.786,34.02,0.174227835,0.153356282,0.160837438,0.183598547
15.2,4.638,13.662,30.28,0.165724647,0.148139812,0.151495426,0.173288629
13.8,4.326,12.04,27.85,0.158722021,0.144009003,0.144361365,0.16658994
13,3.928,11.043,25.08,0.15472052,0.138739574,0.139976249,0.158953984
11.8,3.636,10.047,23.31,0.148718269,0.13487356,0.135595531,0.154074692
11,4.161,9.355,23.26,0.144716769,0.141824441,0.1325519,0.153936859
10.4,4.191,8.702,20.73,0.141715643,0.142221634,0.129679803,0.146962502
9.72,3.309,8.127,19.42,0.138314368,0.130544155,0.127150774,0.143351275
9.2,3.117,7.731,18.4,0.135713393,0.128002118,0.125409043,0.140539479
8.9,3.009,7.336,17.77,0.13421283,0.126572223,0.12367171,0.138802781
8.75,2.772,7.173,17.29,0.133462548,0.123434397,0.122954785,0.137479583
8.58,2.71,7.078,16.94,0.13261223,0.122613531,0.122536946,0.136514752
8.48,2.669,6.947,16.52,0.132112042,0.1220707,0.121960767,0.135356953
8.25,2.619,6.927,16.33,0.130961611,0.121408712,0.121872801,0.134833187
8.5,2.588,7.026,17.87,0.13221208,0.120998279,0.122308234,0.139078448
9.14,2.681,7.667,17.41,0.13541328,0.122229578,0.125127551,0.137810383
8.41,2.635,7.396,16.91,0.131761911,0.121620548,0.123935609,0.136432052
8.15,2.727,7.338,16.41,0.130461423,0.122838607,0.123680507,0.13505372
7.89,2.618,7.042,15.39,0.129160935,0.121395472,0.122378607,0.132241925
7.38,2.498,6.706,14.82,0.126609979,0.119806699,0.120900774,0.130670627
7.23,2.514,6.622,14.87,0.125859697,0.120018536,0.120531316,0.13080846
7.36,2.499,6.62,14.88,0.126509941,0.119819939,0.120522519,0.130836027
7.44,2.555,6.871,34.25,0.126910091,0.120561366,0.121626495,0.18423258
12.4,3.365,20.909,24.36,0.151719395,0.131285582,0.183369986,0.156969187
8.99,2.797,11.716,18.61,0.134662999,0.123765391,0.142936312,0.141118378
7.74,2.714,9.422,17.85,0.128410654,0.12266649,0.132846587,0.139023314
7.26,2.867,8.313,29.55,0.126009754,0.124692175,0.12796886,0.171276266
13.4,5.597,25,50.88,0.15672127,0.160836754,0.201363476,0.230075877
18.9,4.12,30.626,48.77,0.184231587,0.14128161,0.226108374,0.224259319
16.7,3.651,26.72,35.72,0.17322746,0.135072157,0.208928571,0.188284874
13.4,3.142,16.2,26.47,0.15672127,0.128333113,0.162658339,0.162785745
10.7,2.803,13.66,23.78,0.143216206,0.12384483,0.151486629,0.155370323
9.81,2.631,11.89,19.78,0.138764537,0.121567589,0.143701619,0.144343673
8.59,2.754,9.709,20.01,0.132662248,0.123196081,0.134108902,0.144977705
8.58,4.002,11.34,36.92,0.13261223,0.139719317,0.141282548,0.191592869
14.2,9.681,35.408,79.52,0.160722771,0.214907984,0.247141098,0.309026691
26.1,16.146,24.122,42.63,0.220245092,0.300503111,0.197501759,0.207333411
14.8,8.355,15.955,30.78,0.163723896,0.197352046,0.161580753,0.174666961
11.7,6.172,12.673,25.43,0.148218082,0.168449623,0.147145496,0.159918816
10.1,5.05,10.639,22.11,0.140215081,0.153594598,0.138199331,0.150766697
9.06,4.343,9.415,19.42,0.13501313,0.144234079,0.132815799,0.143351275
8.34,3.847,8.366,17.46,0.131411779,0.137667152,0.12820197,0.137948216
7.82,3.549,7.663,16.54,0.128810804,0.1337217,0.125109958,0.135412087
7.43,3.403,7.293,16.78,0.126860073,0.131788693,0.123482583,0.136073686
7.91,3.507,7.83,18.09,0.129260973,0.13316563,0.125844476,0.139684913
8.84,3.43,8.566,19.11,0.133912717,0.132146167,0.129081633,0.142496709
9.84,3.277,8.3,17.79,0.138914593,0.130120482,0.127911682,0.138857915
8.51,2.973,7.25,15.21,0.132262098,0.126095591,0.123293455,0.131745725
7.48,2.827,6.653,14.01,0.127110166,0.124162584,0.120667664,0.12843773
6.96,2.641,6.308,13.28,0.124509191,0.121699987,0.119150246,0.126425367
6.72,2.623,6.119,13.03,0.123308741,0.121461671,0.118318966,0.125736201
6.65,2.558,5.984,13.34,0.122958609,0.120601086,0.117725194,0.126590767
6.82,2.777,5.984,13.4,0.123808928,0.123500596,0.117725194,0.126756166
6.79,2.612,6.807,17.43,0.123658872,0.121316033,0.121345004,0.137865516
8.38,2.541,10.011,16.83,0.131611854,0.12037601,0.135437192,0.136211519
7.6,2.846,8.955,27.83,0.127710391,0.12441414,0.130792576,0.166534806
11.2,4.409,18.437,28.7,0.145717144,0.145107904,0.172497361,0.168933103
10.5,4.578,13.569,22.7,0.142215831,0.147345426,0.151086383,0.152393128
8.59,3.697,10.616,17.83,0.132662248,0.135681186,0.13809817,0.138968181
7.29,3.195,8.623,22.79,0.12615981,0.129034821,0.129332336,0.152641227
10.8,3.925,16.267,28.93,0.143716394,0.138699854,0.162953026,0.169567135
11.1,3.549,12.577,29.35,0.145216956,0.1337217,0.146723258,0.170724933
9.59,3.417,24.597,34.53,0.137664124,0.13197405,0.199590957,0.185004445
10.7,4.221,22.154,33.95,0.143216206,0.142618827,0.188845883,0.183405581
12.6,4.017,17.429,22.37,0.15271977,0.139917913,0.168063863,0.151483429
8.53,3.029,10.603,17.71,0.132362136,0.126837018,0.138040992,0.138637382
7.66,2.626,8.536,15.35,0.128010504,0.12150139,0.128949683,0.132131658
6.84,2.465,7.379,13.49,0.123908966,0.119369787,0.123860837,0.127004266
6.21,2.343,6.75,12.65,0.120757784,0.117754535,0.1210943,0.124688669
6.16,2.244,6.375,10.77,0.12050769,0.116443797,0.119444933,0.119506144
5.7,2.157,5.668,11.59,0.118206828,0.115291937,0.116335327,0.121766607
6.04,2.47,5.907,16.58,0.119907465,0.119435986,0.117386524,0.135522353
6.9,5.387,5.884,12.38,0.124209078,0.158056401,0.117285362,0.123944371
5.42,2.791,4.952,10.47,0.116806302,0.123685953,0.113186137,0.118679145
5.1,2.38,4.64,10.41,0.115205702,0.118244406,0.111813863,0.118513745
5.02,2.843,4.638,11.46,0.114805552,0.124374421,0.111805067,0.121408241
4.91,2.915,6.525,12.42,0.114255346,0.125327684,0.12010468,0.124054637
4.76,2.312,6.609,10.31,0.113505064,0.117344102,0.120474138,0.118238079
4.49,2.105,5.199,8.883,0.112154558,0.114603469,0.114272519,0.114304322
4.3,1.989,4.518,8.469,0.111204202,0.113067655,0.11127727,0.113163063
4.12,1.94,4.078,7.692,0.110303864,0.112418906,0.109342013,0.111021137
4.03,1.922,3.889,8.196,0.109853695,0.11218059,0.108510732,0.112410495
3.91,1.821,3.844,8.271,0.10925347,0.110843373,0.108312808,0.112617244
3.89,1.806,3.752,7.797,0.109153433,0.110644777,0.107908163,0.111310586
3.89,1.803,3.627,7.308,0.109153433,0.110605058,0.107358374,0.109962578
3.86,1.788,3.565,7.858,0.109003376,0.110406461,0.107085679,0.111478743
3.79,1.783,3.517,8.03,0.108653245,0.110340262,0.10687456,0.111952889
3.72,1.737,3.442,7.592,0.108303114,0.109731233,0.106544687,0.11074547
3.56,1.738,3.396,7.2,0.107502814,0.109744472,0.106342365,0.109664859
3.4,1.697,3.319,7.301,0.106702513,0.109201642,0.106003695,0.109943282
3.53,1.781,3.364,7.64,0.107352757,0.110313783,0.106201619,0.11087779
3.57,1.835,3.385,8.891,0.107552832,0.11102873,0.106293983,0.114326375
4.02,2.642,3.821,9.096,0.109803676,0.121713227,0.108211647,0.114891491
3.95,2.146,3.571,8.009,0.109453545,0.115146299,0.107112069,0.111894999
3.59,1.792,3.537,8.112,0.10765287,0.11045942,0.106962526,0.112178935
4.24,1.81,3.618,8.743,0.110904089,0.110697736,0.10731879,0.113918389
4.27,1.959,3.605,9.743,0.111054145,0.112670462,0.107261612,0.116675052
4.38,2.544,8.729,25.6,0.111604352,0.120415729,0.129798557,0.160387449
7.81,3.651,23.383,34.37,0.128760785,0.135072157,0.194251407,0.184563379
12.3,3.048,16.628,19.06,0.151219207,0.127088574,0.164540816,0.142358876
6.68,2.123,8.098,12.78,0.123108666,0.114841785,0.127023223,0.125047036
5.18,1.926,6.111,11.23,0.115605852,0.11223355,0.118283779,0.120774209
5.2,2.001,5.034,9.98,0.11570589,0.113226533,0.113546798,0.117328381
4.57,1.836,4.432,8.654,0.112554708,0.11104197,0.110899015,0.113673046
4.06,1.758,3.894,7.911,0.110003751,0.110009268,0.108532723,0.111624846
3.77,1.71,3.901,7.658,0.108553207,0.109373759,0.108563512,0.11092741
3.65,1.736,3.689,7.172,0.107952982,0.109717993,0.10763107,0.109587672
3.51,1.648,3.558,6.912,0.10725272,0.108552893,0.107054891,0.10887094
3.38,1.605,3.589,7.047,0.106602476,0.107983583,0.107191239,0.109243089
3.18,1.549,3.584,6.94,0.105602101,0.107242155,0.107169247,0.108948127
3.04,1.507,3.425,6.478,0.104901838,0.106686085,0.106469916,0.107674548
3,1.493,3.229,6.009,0.104701763,0.106500728,0.105607847,0.106381674
2.91,1.484,3.12,5.982,0.104251594,0.10638157,0.105128431,0.106307244
2.84,1.464,2.997,5.672,0.103901463,0.106116775,0.104587438,0.105452678
2.68,1.478,2.85,5.357,0.103101163,0.106302132,0.103940887,0.10458433
2.58,1.43,2.724,5.322,0.102600975,0.105666623,0.1033867,0.104487847
2.5,1.426,2.712,5.333,0.102200825,0.105613663,0.10333392,0.10451817
2.59,1.423,3.125,6.615,0.102650994,0.105573944,0.105150422,0.108052211
3.95,1.58,3.16,6.829,0.109453545,0.107652588,0.105304363,0.108642137
3.28,1.473,2.838,5.903,0.106102288,0.106235933,0.103888107,0.106089467
3,1.412,2.659,5.732,0.104701763,0.105428307,0.103100809,0.105618078
2.82,1.413,2.559,5.714,0.103801426,0.105441546,0.102660978,0.105568458
2.84,1.436,2.684,6.648,0.103901463,0.105746061,0.103210767,0.108143181
3.04,2.274,2.986,11.01,0.104901838,0.11684099,0.104539057,0.120167743
3.13,3.003,7.37,9.931,0.105352007,0.126492784,0.123821253,0.117193304
3.47,1.945,5.133,9.123,0.107052645,0.112485105,0.113982231,0.114965921
3.18,1.664,5.001,7.617,0.105602101,0.108764729,0.113401654,0.110814387
3.05,1.522,3.829,6.872,0.104951857,0.106884682,0.108246833,0.108760673
2.8,1.459,3.557,6.422,0.103701388,0.106050576,0.107050493,0.107520175
2.7,1.449,3.316,5.958,0.1032012,0.105918178,0.1059905,0.106241084
2.65,1.452,3.182,6.738,0.102951107,0.105957898,0.105401126,0.108391281
3.01,1.644,3.359,7.952,0.104751782,0.108499934,0.106179627,0.111737869
3.29,2.29,3.505,7.691,0.106152307,0.117052827,0.10682178,0.11101838
3.21,1.795,3.234,7.371,0.105752157,0.110499139,0.105629838,0.110136248
3.21,1.628,3.29,7.712,0.105752157,0.108288097,0.105876144,0.11107627
3.46,1.845,3.593,13.39,0.107002626,0.111161128,0.107208832,0.1267286
5.07,2.174,9.281,12.9,0.115055646,0.115517013,0.132226425,0.125377835
4.9,1.732,5.706,9.586,0.114205327,0.109665034,0.116502463,0.116242256
3.9,1.558,4.176,7.949,0.109203451,0.107361313,0.109773047,0.111729599
3.39,1.503,3.637,7.109,0.106652495,0.106633126,0.107402357,0.109414002
3.1,1.468,3.429,6.453,0.105201951,0.106169734,0.106487509,0.107605632
2.92,1.457,3.123,6.105,0.104301613,0.106024096,0.105141626,0.106646313
2.78,1.423,2.947,5.531,0.103601351,0.105573944,0.104367523,0.105063989
2.68,1.4,2.788,5.647,0.103101163,0.105269429,0.103668191,0.105383762
2.6,1.386,2.659,5.224,0.102701013,0.105084073,0.103100809,0.104217694
2.53,1.458,2.599,5.266,0.102350882,0.106037336,0.102836911,0.104333473
2.56,1.72,2.551,5.648,0.102500938,0.109506156,0.102625792,0.105386519
3.13,1.555,2.794,8.521,0.105352007,0.107321594,0.103694581,0.11330641
3.37,3.543,3.186,10.66,0.106552457,0.133642261,0.105418719,0.119202911
4.06,3.492,4.404,14.88,0.110003751,0.132967033,0.110775862,0.130836027
4.42,2.717,10.481,15.74,0.111804427,0.122706209,0.137504398,0.133206757
4.53,2.242,11.785,41.07,0.112354633,0.116417318,0.143239796,0.203033018
13.9,10.682,29.987,40.86,0.159222208,0.228160996,0.223297854,0.202454119
14.7,4.387,18.813,33.38,0.163223709,0.144816629,0.174151126,0.181834283
13,3.64,15.604,20.9,0.15472052,0.134926519,0.160036946,0.147431135
7.9,2.411,8.46,14.13,0.129210954,0.118654839,0.128615412,0.12876853
5.84,2.049,6.174,11.17,0.11890709,0.113862042,0.118560873,0.120608809
4.89,1.873,5.062,10.04,0.114155308,0.111531842,0.113669951,0.11749378
4.67,1.902,4.524,10,0.113054896,0.111915795,0.111303659,0.117383514
4.63,1.983,4.1,9.021,0.112854821,0.112988217,0.109438776,0.114684741
4.37,2.007,3.96,8.54,0.111554333,0.113305971,0.108823012,0.113358787
4.08,1.89,3.932,8.07,0.110103789,0.111756918,0.108699859,0.112063155
3.71,1.754,3.645,7.754,0.108253095,0.109956309,0.107437544,0.11119205
3.51,1.713,3.58,7.491,0.10725272,0.109413478,0.107151654,0.110467048
3.36,1.676,3.401,7.281,0.106502438,0.108923607,0.106364356,0.109888148
3.24,1.66,3.228,7.106,0.105902213,0.10871177,0.105603448,0.109405732
3.16,1.652,3.16,7.065,0.105502063,0.108605852,0.105304363,0.109292709
3.1,1.633,3.238,6.878,0.105201951,0.108354296,0.105647431,0.108777213
3.01,1.606,3.008,6.452,0.104751782,0.107996822,0.10463582,0.107602875
2.87,1.55,2.88,6.339,0.104051519,0.107255395,0.104072836,0.107291372
2.8,1.536,2.864,6.254,0.103701388,0.107070038,0.104002463,0.107057056
2.75,1.541,2.812,6.127,0.103451294,0.107136237,0.103773751,0.10670696
2.69,1.522,2.735,6.02,0.103151182,0.106884682,0.103435081,0.106411997
2.62,1.504,2.699,6.131,0.10280105,0.106646366,0.103276742,0.106717987
2.61,1.49,2.641,5.944,0.102751032,0.106461009,0.10302164,0.106202491
2.6,1.488,2.658,5.902,0.102701013,0.106434529,0.103096411,0.106086711
2.66,1.547,2.673,5.961,0.103001125,0.107215676,0.103162386,0.106249354
2.67,1.571,2.631,5.918,0.103051144,0.10753343,0.102977657,0.106130817
2.63,1.531,2.685,5.828,0.102851069,0.10700384,0.103215165,0.105882718
2.6,1.539,2.696,5.828,0.102701013,0.107109758,0.103263547,0.105882718
2.57,1.505,2.692,5.945,0.102550957,0.106659605,0.103245954,0.106205247
2.65,1.543,2.63,5.983,0.102951107,0.107162717,0.102973258,0.10631
2.74,1.534,2.682,5.956,0.103401275,0.107043559,0.10320197,0.106235571
2.78,1.649,2.669,6.779,0.103601351,0.108566133,0.103144792,0.108504304
2.93,1.579,4.151,71.44,0.104351632,0.107639349,0.109663089,0.286752858
21.1,2.832,35.481,32,0.195235713,0.124228783,0.247462175,0.178030089
9.08,2.019,14.85,18.31,0.135113167,0.113464848,0.156720619,0.140291379
6.19,1.773,9.211,13.85,0.120657747,0.110207864,0.131918543,0.127996664
4.82,1.694,12.559,37.8,0.113805177,0.109161922,0.146644089,0.194018732
13.1,2.081,31.049,36.52,0.155220708,0.114285714,0.22796886,0.190490204
11.8,2.982,19.642,22.54,0.148718269,0.126214749,0.177797326,0.151952062
7.35,2.104,10.935,16.22,0.126459922,0.114590229,0.139501232,0.134529955
5.74,1.956,8.369,13.6,0.118406903,0.112630743,0.128215165,0.127307499
5.08,1.933,7.221,12.07,0.115105665,0.112326228,0.123165904,0.123089805
4.73,1.939,6.513,11.03,0.113355008,0.112405667,0.1200519,0.120222876
4.31,1.795,5.724,9.606,0.11125422,0.110499139,0.116581633,0.116297389
3.92,1.713,5.062,8.741,0.109303489,0.109413478,0.113669951,0.113912876
3.7,1.668,4.62,8.164,0.108203076,0.108817688,0.111725897,0.112322281
3.5,1.661,4.364,7.69,0.107202701,0.10872501,0.11059993,0.111015623
3.43,1.638,4.264,7.715,0.10685257,0.108420495,0.110160099,0.11108454
3.49,1.812,4.412,11.21,0.107152682,0.110724216,0.110811049,0.120719075
4.88,1.969,8.534,17.71,0.114105289,0.11280286,0.128940887,0.138637382
8.33,1.838,11.855,16.85,0.131361761,0.11106845,0.143547678,0.136266652
6.37,2.697,9.901,23.62,0.121558084,0.122441414,0.134953378,0.154929257
9.13,2.824,17.65,22.18,0.135363261,0.124122865,0.16903589,0.150959663
7.82,2.82,15.329,37.14,0.128810804,0.124069906,0.15882741,0.192199334
9.79,4.987,28.486,25.09,0.138664499,0.152760493,0.216695989,0.158981551
7.76,2.729,12.977,16.65,0.128510692,0.122865087,0.148482583,0.135715319
5.8,2.262,9.317,12.93,0.118707015,0.116682113,0.132384764,0.125460535
5.14,2.087,7.56,12.55,0.115405777,0.114365153,0.124656932,0.124413003
5.28,2.873,8.121,34.69,0.11610604,0.124771614,0.127124384,0.185445511
18.3,4.098,40.411,80.15,0.181230461,0.140990335,0.269145848,0.310763389
40.1,4.699,56.899,77.41,0.290271352,0.148947438,0.341665201,0.303210133
32.8,4.519,41.524,67.79,0.253757659,0.146564279,0.274041168,0.27669104
29.2,4.715,34.34,38.05,0.235750907,0.149159274,0.242443702,0.194707897
12.7,3.52,16.823,24.68,0.153219957,0.133337747,0.165398487,0.157851319
9.03,3.366,18.124,39.27,0.134863074,0.131298822,0.17112069,0.198071025
14.2,4.067,25.078,37.38,0.160722771,0.140579902,0.201706545,0.192860933
19.3,3.474,26.473,42.33,0.186232337,0.132728717,0.207842189,0.206506413
17.8,3.235,23.3,49.2,0.178729524,0.129564411,0.193886348,0.225444684
23.5,4.901,36.965,91.77,0.207240215,0.151621872,0.253989268,0.342795807
35.8,13.911,61.838,154.4,0.268763286,0.27091222,0.363388459,0.51544558
69.5,23.755,111.075,117.6,0.437326497,0.401244539,0.5799481,0.4140004
45.7,18.248,43.975,59.85,0.318281856,0.328333113,0.284821429,0.25480314
17.5,9.113,25.22,46.17,0.177228961,0.207387793,0.202331105,0.217091997
15.8,8.606,25.372,39.79,0.168725772,0.200675228,0.202999648,0.19950449
13.3,7.022,18.681,31.34,0.156221083,0.179703429,0.173570549,0.176210692
11,6.059,14.668,78.98,0.144716769,0.166953528,0.155920127,0.307538094
59.9,10.404,53.074,81.29,0.389308491,0.224480339,0.324841661,0.313905984
31,13.899,25.336,45.83,0.244754283,0.270753343,0.202841309,0.216154731
14.9,12.495,17.109,36.09,0.164224084,0.252164703,0.166656404,0.189304839
12.3,10.223,14.12,27.91,0.151219207,0.22208394,0.153509852,0.166755339
10.5,6.645,12.06,26.47,0.142215831,0.174712035,0.144449331,0.162785745
10.2,6.477,14.732,31.63,0.140715268,0.172487753,0.156201619,0.177010124
12.9,4.464,16.044,24.98,0.154220333,0.145836092,0.161972203,0.158678318
10,3.751,11.601,29.56,0.139714893,0.136396134,0.142430507,0.171303832
12.9,10.157,14.254,32.17,0.154220333,0.221210115,0.154099226,0.178498722
12,6.552,13.046,26.12,0.149718644,0.173480736,0.148786066,0.161820913
10.7,6.438,13.007,30.39,0.143216206,0.171971402,0.148614532,0.173591862
10.9,6.635,14.242,26,0.144216581,0.174579637,0.154046446,0.161490114
9.68,5.189,11.872,37.26,0.138114293,0.155434927,0.143622449,0.192530134
12,13.428,37.127,100.2,0.149718644,0.26451741,0.254701795,0.366034472
41.4,26.014,46.587,67.15,0.29677379,0.431153184,0.296309817,0.274926776
20.7,14.866,23.632,38.86,0.193234963,0.283556203,0.195346587,0.196940794
14.2,6.06,16.733,48.78,0.160722771,0.166966768,0.165002639,0.224286886
14,15.096,38.259,73.56,0.159722396,0.28660135,0.259680683,0.292596983
27.7,14.626,46.76,82.03,0.228248093,0.280378657,0.297070725,0.315945914
44.6,11.867,46.032,105.5,0.312779792,0.243850126,0.293868754,0.380644783
59,12.96,45.474,88.79,0.384806803,0.258321197,0.291414497,0.334580953
27.9,23.289,60.587,134.8,0.229248468,0.395074805,0.357886172,0.461414995
56,25.597,66.234,99.48,0.369801175,0.425632199,0.382723434,0.364049675
35,18.114,40.496,63.44,0.264761786,0.326558983,0.269519704,0.264699558
19.6,13.466,25.387,44.59,0.1877329,0.265020522,0.203065623,0.21273647
14.9,9.028,18.862,37.22,0.164224084,0.206262412,0.174366643,0.192419867
14.4,8.244,16.734,48.03,0.161723146,0.195882431,0.165007037,0.222219389
24.2,7.267,20.364,39.46,0.210741528,0.182947173,0.180972906,0.198594791
17.1,5.188,15.661,31.23,0.175228211,0.155421687,0.16028765,0.175907459
13.4,4.874,13.089,27.67,0.15672127,0.151264398,0.148975194,0.16609374
12.1,4.665,11.688,25.2,0.150218832,0.148497286,0.14281316,0.159284784
11.2,4.46,10.585,22.72,0.145717144,0.145783133,0.137961823,0.152448261
9.94,4.239,9.455,21.94,0.139414781,0.142857143,0.132991731,0.150298064
10.9,4.195,10.272,27.14,0.144216581,0.142274593,0.136585151,0.164632709
12.7,4.065,12.377,28.11,0.153219957,0.140553422,0.145843596,0.167306672
12.3,4.004,12.46,26.62,0.151219207,0.139745796,0.146208656,0.163199245
11.3,5.387,13.225,139.9,0.146217331,0.158056401,0.149573364,0.475473974
40.1,35.455,36.266,80.7,0.290271352,0.556149874,0.250914849,0.312279553
21.7,20.256,24.552,58.84,0.198236839,0.354918575,0.199393033,0.252018911
17.2,15.527,19.237,46.48,0.175728398,0.292307692,0.17601601,0.217946562
14.9,11.158,16.356,39.75,0.164224084,0.234463127,0.163344476,0.199394223
13,8.684,14.206,33.06,0.15472052,0.201707931,0.153888107,0.180952151
11.7,6.075,12.671,29.52,0.148218082,0.167165365,0.1471367,0.171193566
10.9,5.721,11.558,28.67,0.144216581,0.162478485,0.142241379,0.168850403
11.1,5.486,11.411,29.31,0.145216956,0.159367139,0.141594828,0.170614667
12.1,5.329,11.781,34.28,0.150218832,0.157288495,0.143222203,0.184315279
15.8,6.177,14.255,39.42,0.168725772,0.168515822,0.154103624,0.198484525
